title,views,date_time,likes,video_link,description
What they didn't tell you about Falcon 180b (and will it change?),8.5K views,3 months ago,247,https://www.youtube.com/watch?v=giO92FBk33c,"üë®‚Äçüíª Sign up for the Full Stack course and use YOUTUBE50 to get 50% off:
https://www.coursesfromnick.com/bundl...
"
I used LLaMA 2 70B to rebuild GPT Banker...and its AMAZING (LLM RAG),97K views,4 months ago,2.4K,https://www.youtube.com/watch?v=SedGB8m2XLM,"üë®‚Äçüíª Sign up for the Full Stack course and use YOUTUBE50 to get 50% off:
https://www.coursesfromnick.com/bundl...
"
I tried to break down the Generative AI Stack in 6 minutes (with watsonx),14K views,5 months ago,420,https://www.youtube.com/watch?v=HJl50-GHQr8,"Whaddayasay, fine tuning video next? 
Also, you can try it out here: https://dataplatform.cloud.ibm.com/wx...
"
I used the BEST Open Source LLM to build a GPT WebApp (Falcon-40B Instruct),92K views,6 months ago,1.7K,https://www.youtube.com/watch?v=hMJgdVJWQRU,"Thanks to NordPass Business for sponsoring this video! Grab your 3-month free trial here http://nordpass.com/nicholasnord with code nicholasnord.

üë®‚Äçüíª Sign up for the Full Stack course and use YOUTUBE50 to get 50% off:"
I tested a STACK of FREE Large Language Models...here's how it went.,51K views,7 months ago,1.4K,https://www.youtube.com/watch?v=5JpPo-NOq9s,"üë®‚Äçüíª Sign up for the Full Stack course and use YOUTUBE50 to get 50% off:
https://www.coursesfromnick.com/bundl...
"
I built a GPT Investment Banker using this 312 PAGE document,172K views,7 months ago,4.3K,https://www.youtube.com/watch?v=u8vQyTzNGVY,"üêç Get the free Python course
https://go.coursesfromnick.com/python
"
LangChain Crash Course: Build a AutoGPT app in 25 minutes!,383K views,8 months ago,9.4K,https://www.youtube.com/watch?v=MlK6SIjcjE8,"Get the free Python course
https://go.coursesfromnick.com/python
"
ChatGPT vs NeuralSeek: what's better for BUSINESS?,11K views,8 months ago,356,https://www.youtube.com/watch?v=55nZ8rU9lM0,"Get notified of the free Python course on the home page at https://www.coursesfromnick.com

Sign up for the Full Stack course here and use YOUTUBE50 to get 50% off:"
How to Code a Machine Learning Lip Reading App with Python Tensorflow and Streamlit,26K views,10 months ago,886,https://www.youtube.com/watch?v=FMPYShYLg3o,"Get notified of the free Python course on the home page at https://www.coursesfromnick.com

Sign up for the Full Stack course here and use YOUTUBE50 to get 50% off:"
MusicLM is a GAMECHANGER for ML Text to Music Generation,30K views,10 months ago,730,https://www.youtube.com/watch?v=F4WEGvFAwv8,"Get notified of the free Python course on the home page at https://www.coursesfromnick.com

Sign up for the Full Stack course here and use YOUTUBE50 to get 50% off:"
Build a Deep Learning Model that can LIP READ using Python and Tensorflow | Full Tutorial,63K views,11 months ago,1.8K,https://www.youtube.com/watch?v=uKyojQjbx4c,"Building a machine learning model that's able to perform lip reading!

Get notified of the free Python course on the home page at https://www.coursesfromnick.com"
I tried coding a AI DEPTH VISION app with MIDAS in 15 Minutes,24K views,1 year ago,857,https://www.youtube.com/watch?v=c_WbKfyt8pY,"MiDaS was originally developed by researchers at Intel for Robust Monocular Depth Estimation...aka derving how far objects are using a single standard camera. We're going to try to build an OpenCV app with it using Python in just 15 minutes. 
"
My FULL STACK MACHINE LEARNING course is FINALLY DONE!,23K views,1 year ago,893,https://www.youtube.com/watch?v=SgoVJq18YSI,"It's done...it's finally done...well that is until I add the next projects. 

Get notified of the free Python course on the home page at https://www.coursesfromnick.com"
I tried to code a TRAFFIC SIGN ML MODEL in 15 minutes,27K views,1 year ago,681,https://www.youtube.com/watch?v=zPWxavBy1X0,"Trying out something a little different for Code That this week...Voice Over Nick has entered the chat. Anyway, this week we're building out very own Traffic Sign ML model using YOLOv5....all in 15 minutes. 
"
I tried to build a REACT STABLE DIFFUSION App in 15 minutes,56K views,1 year ago,1.6K,https://www.youtube.com/watch?v=3l16wCsDglU,"Oooooh lawdy, this one put my coding skills to the test...python ANNNND JAVASCRIPT? 

Anyway, hopefully you agree that this is slightly better than the last Stable Diffusion UI that I made, either way it allows you to generate images b"
I tried building a AUTO MACHINE LEARNING Web App 15 Minutes,68K views,1 year ago,2.5K,https://www.youtube.com/watch?v=xTKoyfCQiiU,"So you need some AutoML...well now you got it using Python, Pandas Profiling, PyCaret and Streamlit...and close to 15ish minutes. 

Thanks again to Bright Data, check them out here: https://brightdata.grsm.io/nicholas-r..."
I tried building an ML Cancer Segmentation API in 15 Minutes,14K views,1 year ago,566,https://www.youtube.com/watch?v=aMldpZF6GBU,"Was originally meant to be satellite segmentation but ü§∑ I think this is cooler anyway. 

In this episode we're going to try to build AND deploy a machine learning Cancer Segmentation API using Python, Tensorflow, FastAPI and Herok"
I tried to build a ML Drowsiness Detector App (with sound alerts) in 15 mins,19K views,1 year ago,644,https://www.youtube.com/watch?v=msGOrJIMGy8,"You asked for it! So here it is. 

Finally putting together all the stuff we learned during OD class and bringing it to production as an app. For this episode of Code That we're goin"
I secretly used AI to clone my favourite Rapper,18K views,1 year ago,719,https://www.youtube.com/watch?v=HoMZxHNpM84,"What's happening guys, welcome to the seventh episode of CodeThat!? I think

I was a little down about the fact that Stormzy cancelled his tour down to Australia so I figured I‚Äôd build my own Rap God AI. "
I tried to build a ML Text to Image App with Stable Diffusion in 15 Minutes,88K views,1 year ago,3.5K,https://www.youtube.com/watch?v=7xc0Fs3fpCg,"What's happening guys, welcome to the sixth episode of CodeThat!? I think

So there's been a lotta talk about text to image generation using machine learning...well I thought I would give it a crack and try to whip up a Pyth"
I tried to build a Python Machine Learning Streamlit App in 7 Minutes | Coding Challenge,42K views,1 year ago,1.1K,https://www.youtube.com/watch?v=Ebb4gUI2IpQ,"What's happening guys, welcome to the fifth episode of CodeThat!

In this ep I try to build a machine learning app to for deploying scikit-learn models using the titanic dataset using nothing but Python. In this case"
I tried to build a Machine Learning Python App in 15 Minutes | Coding Challenge,97K views,1 year ago,3.5K,https://www.youtube.com/watch?v=zaBy3X37Oa8,"What's happening guys, welcome to the fourth episode of CodeThat!

In this ep I try to build a machine learning app to track deadlifts all done using nothing but Python. In this case we used a Scikit-Learn model, me"
Building a Neural Network with PyTorch in 15 Minutes | Coding Challenge,114K views,1 year ago,3.5K,https://www.youtube.com/watch?v=mozBidd58VQ,"What's happening guys, welcome to the third episode of CodeThat!

In this ep I try to build my first neural network in PyTorch...seriously the first time I even dug into their documentation was yesterday! Anyway you"
Building the Gradient Descent Algorithm in 15 Minutes | Coding Challenge,48K views,1 year ago,1.4K,https://www.youtube.com/watch?v=Souzjv6WfrY,"What's happening guys, welcome to the second episode of CodeThat!

In this ep I try to build a regression machine learning model using a gradient descent algorithm we build completely from scratch using Python. T"
Building a Machine Learning API in 15 Minutes | Coding Challenge,102K views,1 year ago,3.2K,https://www.youtube.com/watch?v=C82lT9cWQiA,"What's happening guys, welcome to the first episode of CodeThat!

In this ep I try to build a machine learning API at freaking light speed using Python, FastAPI and Scikit-Learn AND DEPLOY it using Heroku. Hope "
Data Scientist answers Your DEEPEST Questions | Data Science AMA,2.2K views,1 year ago,112,https://www.youtube.com/watch?v=ymF9xq7xIug,"Just answering some of your questions! Part two to come soon, see ya on the live stream.

"
Reinforcement Learning for Gaming | Full Python Course in 9 Hours,57K views,1 year ago,2K,https://www.youtube.com/watch?v=dWmJ5CXSKdw,"Ever wanted to learn how to apply ML to games?

Here ya go!"
AI DREW all of THESE | DALLE-2 Walkthrough,5K views,1 year ago,129,https://www.youtube.com/watch?v=-MX5C_e5Ytk,"Ever wondered what DALLE2 can generate, well in this video I'm going to walk you through just what's possible. We'll generate using prompts as well as performing in painting. 
"
Build a Virtual Agent in 15 minutes with Watson Assistant Actions | Chatbot Tutorial,16K views,1 year ago,297,https://www.youtube.com/watch?v=0sgjH5NWbNw,"Ever wanted to build your own virtual agent?

Not too sure where to start?"
Unboxing the M1 Max for Data Science Work,8.4K views,1 year ago,198,https://www.youtube.com/watch?v=Aso895pvii0,"Sup team!

Finally got the new work macbook pro delivered and wanted to do a quick unboxing video. Let me know what you think. Also walk through a little"
MACHINE LEARNING Battlestation Breakdown,5.9K views,1 year ago,212,https://www.youtube.com/watch?v=GH1RuKguO54,"Wondered where I make all those ML tutorials? Well, this is it! 

I wanted to give you a runthrough of my machine learning and data science battlestation, this is where the magic happens. I go through all the st"
Build a Chrome Dino Game AI Model with Python | AI Learns to Play Dino Game,28K views,1 year ago,754,https://www.youtube.com/watch?v=vahwuupy81A,"Learn to build a custom reinforcement learning model for gaming...in this case for web games like the Google Chrome Dino game with Python and Deep Learning.
"
"How I stay MOTIVATED when learning DEEP TECH (coding, ML & data science)",7.9K views,1 year ago,512,https://www.youtube.com/watch?v=ilrHB5tD15g,"A few of y‚Äôall were asking how I stay motivated when learning hardcore tech stuff. I‚Äôm sharing a bunch of the concepts that have helped me along the way and those that continue to help me along my journey of learning data science, machine learning and deep learning. 
"
Build a Generative Adversarial Neural Network with Tensorflow and Python | Deep Learning Projects,110K views,1 year ago,2.7K,https://www.youtube.com/watch?v=AALBGpLbj6Q,Want to get your hands dirty building a deep learning powered GAN with Python? Well in this video you‚Äôll learn everything involved to do it from scratch using Python and Tensorflow. You‚Äôll learn how to build your very own Generative Adversarial Neural Network to generate new synthetic datasets. 
Singapore DATA SCIENCE Day in the Life | First work TRIP post lockdown,6.3K views,1 year ago,290,https://www.youtube.com/watch?v=TW5WuaSyKjY,"First work trip post lockdown! Wanted to share a data science day in the life when I‚Äôm travelling and what I got up to whilst meeting my new team for the first time. Plenty of coding tips and travel tricks to try to stay productive while you're on the road.
"
Uncover what Deep CNNs are doing with Python and Tensorflow,12K views,1 year ago,564,https://www.youtube.com/watch?v=Zanrd7IzZLM,"Learn how to visualize the outputs of intermediate CNN layers. This helps a ton to see how your computer vision models are making predictions. 
"
MACHINE LEARNING Resources I use EVERYDAY (and you can too!),11K views,1 year ago,741,https://www.youtube.com/watch?v=kKZFmklDSXs,"Figured I'd share a bunch of resources I use in my day to day life to learn all things machine learning and data science!

Chapters"
Build a Deep Iris Detection Model using Python and Tensorflow | Keypoint Detection,35K views,1 year ago,778,https://www.youtube.com/watch?v=qpFrg4gN4Mg,"Learn how to build an Iris Tracking model using Keypoint Detection with Tensorflow and Python!

Get the code here: https://github.com/nicknochnack/IrisD..."
Build a Deep Face Detection Model with Python and Tensorflow | Full Course,169K views,1 year ago,3.8K,https://www.youtube.com/watch?v=N_W4EYtsa10,"Learn how to build a face detection model using an Object Detection architecture using Tensorflow and Python! 

Get the code here: https://github.com/nicknochnack/FaceD..."
Build a Comment Toxicity Model with Deep Learning and Python,45K views,1 year ago,1.2K,https://www.youtube.com/watch?v=ZUqB-luawZg,The internet can be a mean and nasty place...but it doesn't need to be! Learn how to spot and detect toxic comments using deep learning and Python. The dataset leveraged is originally from Kaggle but you could sub this out for your own data plus I'll show you how to make predictions from raw strings as well!
Build a Deep CNN Image Classifier with ANY Images,410K views,1 year ago,9.4K,https://www.youtube.com/watch?v=jztwpsIzEGc,"Get the Code https://github.com/nicknochnack/Image...

So...you wanna build your own image classifier eh? Well in this tutorial you're going to learn how to do exactly that...FROM SCRATCH "
Getting Started with Python Deep Learning for Beginners,137K views,1 year ago,3K,https://www.youtube.com/watch?v=19LQRx78QVU,"Not too sure where or how to start?

In this video, you'll learn how to setup your machine and begin using some of the most common tools and libraries when it comes to "
Build a Deep Audio Classifier with Python and Tensorflow,122K views,1 year ago,3.2K,https://www.youtube.com/watch?v=ZLIPkmmDJAc,"In this tutorial, you'll learn how to build a Deep Audio Classification model with Tensorflow and Python!

Get the code: https://github.com/nicknochnack/DeepA..."
7 Key Skills You NEED to Stand Out in Data Science,6K views,1 year ago,326,https://www.youtube.com/watch?v=bNi8RMQ-g6A,"Any others you can think of?

Oh, and don't forget to connect with me!"
Deep Fake Images and Video with SimSwap,57K views,1 year ago,1K,https://www.youtube.com/watch?v=IHLwjiBmf-g,"Get the Notebook: https://github.com/nicknochnack/SimSwap

Learn to apply face swapping technology to images and video using the SimSwap model made available on Github! In this tutorial yo"
Bringing OLD IMAGES back to life with DEOLDIFY AI and Python,17K views,1 year ago,623,https://www.youtube.com/watch?v=0iZdzWG1-NY,"Get the code: https://github.com/jantic/DeOldify
Get the model here: https://data.deepai.org/deoldify/Colo...
"
Upscale your Images using DEEP SUPER RESOLUTION with ESRGAN,86K views,1 year ago,2.1K,https://www.youtube.com/watch?v=67hqsP7fhvQ,"Get the code: https://github.com/xinntao/ESRGAN

Learn to use ESRGAN and Python to enhance the resolution of your images by up to four times the size. In this tutorial we'll keep it pr"
I made OD bots for Gaming in 30 MINUTES,18K views,1 year ago,554,https://www.youtube.com/watch?v=0efnQCHbsyE,"Well...I tried to lol. 

Get the code: https://github.com/nicknochnack/GameO..."
Build a Street Fighter AI Model with Python | Gaming Reinforcement Learning Full Course,43K views,1 year ago,1.1K,https://www.youtube.com/watch?v=rzbFhu6So5U,"Yeah, I don‚Äôt know if anyone actually reads this. But if you do, here‚Äôs some stuff for ya!

In this tutorial, you'll learn how to: "
Build a Deep Q&A Web App with Transformers and Anvil | Python Deep Learning App,14K views,1 year ago,500,https://www.youtube.com/watch?v=G1uGSkANZjQ,"Thanks to Anvil for sponsoring this video! Check out the link below to get started https://anvil.works/nicholasrenotte 

In this video you‚Äôll learn how to build your very own deep learning powered Q&A app. "
Capture Timberman Footage with Python and OpenCV | Gaming Computer Vision,7.3K views,1 year ago,281,https://www.youtube.com/watch?v=2VP9nOWiJ04,"Learn how to capture game footage for computer vision using OpenCV and Python. 

In this tutorial, you'll learn how to: "
Build a Doom AI Model with Python | Gaming Reinforcement Learning Full Course,37K views,1 year ago,1K,https://www.youtube.com/watch?v=eBCU-tqLGfQ,"Teach AI to play Doom

In this video you'll learn how to:"
Build an Mario AI Model with Python | Gaming Reinforcement Learning,134K views,2 years ago,3.4K,https://www.youtube.com/watch?v=2eeYqJ0uBKE,"Teach AI to play Super Mario

In this video you'll learn how to:"
Detect Edges with OpenCV and Python | Computer Vision Tutorial,24K views,2 years ago,620,https://www.youtube.com/watch?v=6cXV8dhNu50,"Welcome to the OpenCV Basics series. In this series, we'll be going through all the basics of OpenCV from the ground up.

In this video you'll learn how to:"
Build a TikTok Data Science App with Streamlit and Python | Data Science Project,44K views,2 years ago,1.2K,https://www.youtube.com/watch?v=E6B3uWF-V7w,"Build some slick Streamlit dashboards using TikTok Data and Python.

In this video you'll learn how to:"
AI Learns to Do Deadlifts,29K views,2 years ago,1K,https://www.youtube.com/watch?v=H7cGq0xIHbc,"I built a deadlift bot using AI. 

Oh, and don't forget to connect with me!"
Accessing USB Devices and Webcams with OpenCV and Python,74K views,2 years ago,1.3K,https://www.youtube.com/watch?v=FygLqV15TxQ,"Welcome to the OpenCV Basics series. In this series, we'll be going through all the basics of OpenCV from the ground up.

In this video you'll learn how to:"
"Reading, Transforming and Exporting Videos using OpenCV and Python",23K views,2 years ago,604,https://www.youtube.com/watch?v=mEzBnhJPUjc,"Welcome to the OpenCV Basics series. In this series, we'll be going through all the basics of OpenCV from the ground up. In this first video you'll learn how to get up and running with OpenCV. 
"
Build a Python Facial Recognition App with Tensorflow and Kivy,141K views,2 years ago,3.6K,https://www.youtube.com/watch?v=LKispFFQ5GU,"Ever wanted to implement facial recognition or verification into your application?

In this series you'll learn how to build a deep facial recognition application to authenticate into an application. You'll start off by buildi"
Build a Deep Facial Recognition App // Part 8 - Kivy Computer Vision App with OpenCV and Tensorflow,29K views,2 years ago,487,https://www.youtube.com/watch?v=43eAC1LMrsU,"Ever wanted to implement facial recognition or verification into your application?

In this series you'll learn how to build a deep facial recognition application to authenticate into an application. You'll start off by buildi"
"How to Read, View and Export Images using OpenCV for Python // OpenCV for Beginners",11K views,2 years ago,310,https://www.youtube.com/watch?v=6yA5S9B2Z60,"Wassup! Welcome to the OpenCV Basics series. In this series, we'll be going through all the basics of OpenCV from the ground up. In this first video you'll learn how to get up and running with OpenCV. 
"
How to Install OpenCV for Python // OpenCV for Beginners,38K views,2 years ago,609,https://www.youtube.com/watch?v=M6jukmppMqU,"Wassup! Welcome to the OpenCV Basics series. In this series, we'll be going through all the basics of OpenCV from the ground up. In this first video you'll learn how to get up and running with OpenCV. 
"
Build a Conversation Agent using Facebook's Blenderbot and #Python,Build a Conversation Agent using Facebook's Blenderbot and , ,291,https://www.youtube.com/watch?v=FfywuRCPmqY,"Ever wanted to talk to a real life AI model? 

Well using Blenderbot you can...and it's NOT even that hard. "
Build a Deep Facial Recognition App // Part 7 - Real Time Predictions with OpenCV // #Python,Build a Deep Facial Recognition App // Part 7 - Real Time Predictions with OpenCV // , ,258,https://www.youtube.com/watch?v=FNHLVRJ1HU4,"Ever wanted to implement facial recognition or verification into your application?

In this series you'll learn how to build a deep facial recognition application to authenticate into an application. You'll start off by buildi"
Build a Deep Facial Recognition App // Part 6 - Making Facial Recognition Predictions // #Python,Build a Deep Facial Recognition App // Part 6 - Making Facial Recognition Predictions // , ,228,https://www.youtube.com/watch?v=W1pw_ojO7XE,"Ever wanted to implement facial recognition or verification into your application?

In this series you'll learn how to build a deep facial recognition application to authenticate into an application. You'll start off by buildi"
How I became a Data Scientist at IBM (No CS Degree / No Masters),67K views,2 years ago,2.9K,https://www.youtube.com/watch?v=2UXWNsOPN30,"Sharing my story of how I became a data scientist at IBM. All done without a CS degree, masters or bootcamp! I think they key thing is that, either way you're going to have to put in the work. 
"
Build a Deep Facial Recognition App // Part 5 - Training a Siamese Neural Network // #Python,Build a Deep Facial Recognition App // Part 5 - Training a Siamese Neural Network // , ,305,https://www.youtube.com/watch?v=Z3Bafw9DO7o,"Ever wanted to implement facial recognition or verification into your application?

In this series you'll learn how to build a deep facial recognition application to authenticate into an application. You'll start off by buildi"
Build a Deep Facial Recognition App // Part 4 - Building a Siamese Neural Network // #Python,Build a Deep Facial Recognition App // Part 4 - Building a Siamese Neural Network // , ,421,https://www.youtube.com/watch?v=sQpPaW17TwU,"Ever wanted to implement facial recognition or verification into your application?

In this series you'll learn how to build a deep facial recognition application to authenticate into an application. You'll start off by buildi"
Build a Deep Facial Recognition App // Part 3 - Preparing Data for Deep Learning // TF Dataloader,16K views,2 years ago,342,https://www.youtube.com/watch?v=QBxQxYvdNek,"Ever wanted to implement facial recognition or verification into your application?

In this series you'll learn how to build a deep facial recognition application to authenticate into an application. You'll start off by buildi"
Machine Learning Projects You NEVER Knew Existed,128K views,2 years ago,4.6K,https://www.youtube.com/watch?v=sw3o0rAazMg,"Looking for machine learning projects to add to your portfolio?

This video is about to answer all your prayers all the way from beginner to advanced there's a project for you. Plus I'll give you links to"
Build a Deep Facial Recognition App // Part 2 Collecting Data // Deep Learning Project Tutorial,23K views,2 years ago,455,https://www.youtube.com/watch?v=UMjW4Db4E_g,"Ever wanted to implement facial recognition or verification into your application?

In this series you'll learn how to build a deep facial recognition application to authenticate into an application. You'll start off by buildi"
Build a Deep Facial Recognition App from Paper to Code // Part 1 // Deep Learning Project Tutorial,64K views,2 years ago,1.1K,https://www.youtube.com/watch?v=bK_k7eebGgc,"Ever wanted to implement facial recognition or verification into your application?

In this series you'll learn how to build a deep facial recognition application to authenticate into an application. You'll start off by buildi"
Tensorflow Multi-Person Pose Estimation with Python // Machine Learning Tutorial,41K views,2 years ago,1K,https://www.youtube.com/watch?v=KC7nJtBHBqg,"Get the code: https://github.com/nicknochnack/Multi... 

Links"
Automatic Summarization using Deep Learning | Abstractive Summarization with Pegasus,35K views,2 years ago,984,https://www.youtube.com/watch?v=Yo5Hw8aV3vY,"So you're tired of reading Emma too?

Pegasus is here to help. The Pegasus model is built using a Transformer Encoder-Decoder architecture and is ridiculously powerful w"
Rip out Drug Labels using Deep Learning with PaddleOCR & Python,32K views,2 years ago,774,https://www.youtube.com/watch?v=t5xwQguk9XU,"Want to learn how to apply optical character recognition?

In this video you'll be able to leverage it to extract prescription medication labels using PaddleOCR. This has a range of applications a"
The END for developers? First look at OpenAI Codex + Python Tutorial,32K views,2 years ago,708,https://www.youtube.com/watch?v=3uhP6xDfx3o,"Sup team!

Today we're taking a look at OpenAI Codex. "
Python for Data Science | Beginner Friendly Full Course in 5 Hours,48K views,2 years ago,1.7K,https://www.youtube.com/watch?v=yGN28LY5VuA,"Starting your data science journey?

Just dipping your toe into Machine Learning?"
Build a Deep Learning Selfie Segmentation Web App using Gradio,8.4K views,2 years ago,280,https://www.youtube.com/watch?v=jq5QfwDkBGs,"Build your own selfie segmentation model using Mediapipe, Gradio and Python. 

The selfie segmentation model allows you to quickly and easily strip out the background from photos using a prebuilt machine learni"
Master ML Papers without Losing Your Sh*t,22K views,2 years ago,1.1K,https://www.youtube.com/watch?v=JuG6ZcNe_3Q,"Tired of struggling your way through Machine Learning research papers?

Latest deep learning models got you feeling down?"
Build a Simple Language Translation App using Python for Beginners,24K views,2 years ago,654,https://www.youtube.com/watch?v=feA-H6blwr4,"Want to build your very own language translation app?

Well in this video you can using Hugging Face Transformers!"
"Deep Drowsiness Detection using YOLO, Pytorch and Python",204K views,2 years ago,4.3K,https://www.youtube.com/watch?v=tFNJGim3FXw,"Want to leverage YOLO object detection for safety?

One great implementation is using it to determine when drivers might be feeling a little drowsy. In this video we‚Äôre going to do exactly"
Pose Estimation with the Fastest Python Deep Learning Model | MoveNet Lightning,50K views,2 years ago,1.1K,https://www.youtube.com/watch?v=SSW9LzOJSus,"MoveNet Lightning is hella fast and great for fitness applications. In this vid, you'll learn how to use it!

In this video you'll learn how to: "
Build a ML Classification Model in 12 Lines with PyCaret,17K views,2 years ago,603,https://www.youtube.com/watch?v=sL-4rWuEiVw,"Want to get started with low-code machine learning FAST?

Well PyCaret is the library for you, it allows you to leverage state of the art ml pipeline to build your machine learning models. You can"
Build a Grammar Correction Python App with Gramformer and Gradio,17K views,2 years ago,564,https://www.youtube.com/watch?v=4htP-hmIBvc,"My grammar sucks at the best of times. 

Enter Gramformer."
Sign Language Detection using ACTION RECOGNITION with Python | LSTM Deep Learning Model,325K views,2 years ago,6.4K,https://www.youtube.com/watch?v=doDUihpj6ro,"Want to take your sign language model a little further?

In this video, you'll learn how to leverage action detection to do so!"
Machine Learning Explainability & Bias Detection with Watson OpenScale,4.6K views,2 years ago,179,https://www.youtube.com/watch?v=wJsUY7IxsvU,"So you've built a model.

It's deployed. "
Exploratory Data Analysis with the Binance API using Python and Pandas | MLTrader EP1,43K views,2 years ago,1.4K,https://www.youtube.com/watch?v=4aqx5P2Y38U,"Want to start your own crypto analysis?

Keen to apply a little Python or Data Science to your finances?"
Reinforcement Learning in 3 Hours | Full Course using Python,356K views,2 years ago,8.1K,https://www.youtube.com/watch?v=Mut_u40Sqz4,"Want to get started with Reinforcement Learning?

This is the course for you!"
Sentiment Analysis with BERT Neural Network and Python,91K views,2 years ago,2.5K,https://www.youtube.com/watch?v=szczpgOEdXs,"Want to leverage advanced NLP to calculate sentiment?

Can't be bothered building a model from scratch?"
How to Break Into Data Science and Machine Learning and Land your DREAM JOB!,4.3K views,2 years ago,294,https://www.youtube.com/watch?v=xSElsMUqFqI,"Want to work into Machine Learning?

Ready to become a Data Scientist but not sure how?"
Instance Segmentation using Mask-RCNN with PixelLib and Python,33K views,2 years ago,834,https://www.youtube.com/watch?v=i_-ud01wFhc,"Mastered image classification?

Pushed the boundaries of object detection?"
The ONE weird technique I used to learn DATA SCIENCE in 3 months,17K views,2 years ago,983,https://www.youtube.com/watch?v=cCmGg_Pn9K8,"So about three years ago I set out to become a data scientist. I struggled learning and remembering all the stuff out there that I needed to know. I did course after course, tutorial after tutorial and nothing ever really stuck. 
"
Body Segmentation with Python and Tensorflow BodyPix | Plus and AI Background Removal,11K views,2 years ago,258,https://www.youtube.com/watch?v=0tB6jG55mig,"Want to strip out your background using nothing but a webcam and AI?

Don‚Äôt have a green screen but still want a virtual background?"
AI Powered Iris Tracking with WebGazer.Js,28K views,2 years ago,641,https://www.youtube.com/watch?v=Wh77ZGdIaZQ,"Want to get started with Iris Tracking?

Interested in human computer interaction?"
Automatic Number Plate Recognition using Tensorflow and EasyOCR Full Course in 2 Hours | Python,268K views,2 years ago,4.9K,https://www.youtube.com/watch?v=0-4p_QgrdbE,"Want to be able to perform number plate recognition in real time?

Well in this course you'll learn how to do exactly that!"
AI Text and Code Generation with GPT Neo and Python | GPT3 Clone,69K views,2 years ago,1.9K,https://www.youtube.com/watch?v=6MI0f6YjJIk,"Want to get your hands on GPT3 but cbbd waiting for access?

Need to kick off some AI powered text gen ASAP?"
AI Hand Pose Estimation with MediaPipe | Detect Left and Right Hand + Calculate Angles,32K views,2 years ago,607,https://www.youtube.com/watch?v=EgjwKM3KzGU,"Want to do more with MediaPipe hand pose?

Well you can!"
AI Hand Pose Estimation with MediaPipe and Python,59K views,2 years ago,1.3K,https://www.youtube.com/watch?v=vQZ4IvB07ec,"Short and simple hand detection and tracking using MediaPipe. I wanted to write more for this description but I'm hella tired. I'm not actually sure anyone actually reads these anyway. Anyway, here's some keywords for the algorithm; AI, Machine Learning, Synergy, Efficiency, Python, Super Fast Amazing Biggest Tutorial ever. "
AI Body Language Decoder with MediaPipe and Python in 90 Minutes,68K views,2 years ago,1.8K,https://www.youtube.com/watch?v=We1uB79Ci-w,"Want to start decoding body language?

Need to see who‚Äôs really saying what in that interview?"
AI Pose Estimation with Python and MediaPipe | Plus AI Gym Tracker Project,168K views,2 years ago,3.9K,https://www.youtube.com/watch?v=06TE_U21FK4,"Tired of stacking reps at the gym?

Been lifting heavy and just can't seem to lift that pen? (actually lol'd)"
Tensorflow Object Detection in 5 Hours with Python | Full Course with 3 Projects,1.2M views,2 years ago,31K,https://www.youtube.com/watch?v=yqkISICHH-U,"Want to get up to speed on AI powered Object Detection but not sure where to start?

Want to start building your own deep learning Object Detection models?"
AI Face Body and Hand Pose Detection with Python and Mediapipe,124K views,2 years ago,3.3K,https://www.youtube.com/watch?v=pG4sUNDOZFg,"Want to start building body pose based apps?

Maybe want to control your screen using nothing but gestures!"
Live Speech to Text with Watson Speech to Text and Python | FREE Speech to Text API,49K views,2 years ago,1.1K,https://www.youtube.com/watch?v=YCyuZM454_I,"Want to skip out on copying down lecture notes?

Maybe you want a live transcript from a meeting?"
Automate Stocks and Crypto Research with Python and Deep Learning | Full Python Project,17K views,2 years ago,720,https://www.youtube.com/watch?v=YbKnsJQKazA,"Tired of trying to monitor the stock or crypto markets?

Not sure where to turn to get your new trading ideas?"
Custom Indicators for Reinforcement Learning Trading Tutorial | $GME Python Trading PT2,36K views,2 years ago,964,https://www.youtube.com/watch?v=q-Uw9gC3D4o,"So you watched the first tutorial....

Performance for our GME RL Bot was...meh"
Reinforcement Learning for Trading Tutorial | $GME RL Python Trading,112K views,2 years ago,2.6K,https://www.youtube.com/watch?v=D9sU1hLT0QY,"Heard about RL?

What about $GME?"
Python Reinforcement Learning Tutorial for Beginners in 25 Minutes,48K views,2 years ago,1K,https://www.youtube.com/watch?v=nRHjymV2PX8,"Want to break into Reinforcement Learning with Python?

Just not too sure where or how to start?"
How to Learn DATA SCIENCE Ridiculously FAST,51K views,2 years ago,3K,https://www.youtube.com/watch?v=oLpBGtY-_sI,"Want to learn data science?

But not too sure where to start?"
Calculating Tensorflow Object Detection Metrics with Python | Mean Average  Precision (mAP) & Recall,26K views,2 years ago,461,https://www.youtube.com/watch?v=-HbCA0WGbBg,"Finished building your object detection model?

Want to see how it stacks up against benchmarks?"
5 FREE Machine Learning and Data Science Datasets for Your Next Experiment,2K views,2 years ago,122,https://www.youtube.com/watch?v=aJQAeMswAvg,"Finding data for a data science project can be hard...

WHAT?!"
Generate Blog Posts with GPT2 & Hugging Face Transformers | AI Text Generation GPT2-Large,29K views,2 years ago,931,https://www.youtube.com/watch?v=cHymMt1SQn8,"Writing blog posts and emails can be tough at the best of times.

TBH, some days just writing anything can be a struggle"
AI Blog Post Summarization with Hugging Face Transformers & Beautiful Soup Web Scraping,14K views,2 years ago,601,https://www.youtube.com/watch?v=JctmnczWg0U,"Millions of new blog posts are written each day. 

Thousands of tweets are set free to the world each second. "
Voice Controlled React.JS Apps with Tensorflow.JS | Javascript AI,5K views,2 years ago,151,https://www.youtube.com/watch?v=5bnBE950SHQ,"Want to start using Voice Control in your Apps?

Well, it's not as hard as you might think!"
Speech Command Recognition With Tensorflow.JS and React.JS | Javascript AI,17K views,2 years ago,486,https://www.youtube.com/watch?v=wzWcaLkCy1w,"Speech is a powerful medium. 

Words have shaped nations, built empires and rallied masses. "
Capturing Object Detection History with Tensorflow Object Detection and Python,6.1K views,2 years ago,151,https://www.youtube.com/watch?v=UPS54i7Km30,"Want to start capturing your detections?

Maybe you have a deployed model and want to check what was detected and when?"
NLP Powered Q&A with React.Js and Tensorflow.Js BERT,13K views,2 years ago,390,https://www.youtube.com/watch?v=IO1tjm9gcIs,"Want to extract deeper insights from text?

Need to start plugging in some NLP into your WebApps?"
A.I. Learns to Play Space Invaders | Reinforcement Learning,9.2K views,2 years ago,243,https://www.youtube.com/watch?v=pvPc7tQkVA8,"Suck at games?

Keep getting beaten?"
AI Text Summarization with Hugging Face Transformers in 4 Lines of Python,43K views,2 years ago,1.2K,https://www.youtube.com/watch?v=TsfLm5iiYb4,"There‚Äôs sooo much content to take in these days. 

Blog posts coming out left, right and centre. "
I Tried Teaching AI Sign Language,5.5K views,2 years ago,185,https://www.youtube.com/watch?v=Bpaa560qN9U,"I came up with an idea a little while ago. 

Build code that helps the world out just a little bit!"
Forecasting Weather with Neural Prophet and Python,34K views,2 years ago,1K,https://www.youtube.com/watch?v=mgX0Iz4q0bE,"Tired of sucky weather forecasts?

Want to make the most of those sunny days when they come?"
Building a Custom Environment for Deep Reinforcement Learning with OpenAI Gym and Python,120K views,2 years ago,2.4K,https://www.youtube.com/watch?v=bD6V3rcr_54,"Tired of working with standard OpenAI Environments?

Want to get started building your own custom Reinforcement Learning Environments?"
Neural Style Transfer Tutorial with Tensorflow and Python in 10 Minutes,37K views,3 years ago,1K,https://www.youtube.com/watch?v=bFeltWvzZpQ,"Getting started with generative AI?

Want to learn how to make art with Tensorflow?"
Focus on These TOP 7 Data Science SKILLS in 2021,8.7K views,3 years ago,592,https://www.youtube.com/watch?v=sNNFEKZhOlA,"Started on your data science journey but a little stuck?

Not too sure what to you should be learning next?"
Deep Reinforcement Learning for Atari Games Python Tutorial | AI Plays Space Invaders,51K views,3 years ago,1.1K,https://www.youtube.com/watch?v=hCeJeq8U0lo,"Suck at playing games?

Need to start smashing your friends at retro Atari?"
Tensorflow Tutorial for Python in 10 Minutes,320K views,3 years ago,7.7K,https://www.youtube.com/watch?v=6_2hzRopPbQ,"Want to build a deep learning model?

Struggling to get your head around Tensorflow?"
Deploying Machine Learning Models Online with Watson Machine Learning | Python Scikit-Learn,16K views,3 years ago,369,https://www.youtube.com/watch?v=tUHl5TiP_oA,"You‚Äôve scoured the web and collected a ton of data. 

You‚Äôve done a bunch of Exploratory Data Analysis. "
Time Series Forecasting with Facebook Prophet and Python in 20 Minutes,95K views,3 years ago,2.6K,https://www.youtube.com/watch?v=KvLG1uTC-KU,"Trying to forecast the next best stock?

Want to predict the weather?"
Python ANPR with OpenCV and EasyOCR in 25 Minutes | Automatic Number Plate Recognition Tutorial,187K views,3 years ago,3.7K,https://www.youtube.com/watch?v=NApYP_5wlKY,"Tired of searching for your Uber?

Trying to get a better idea of who‚Äôs stealing your car park?"
Custom Handpose Gesture Detection with Tensorflow.Js and React.Js | Deep Learning Hand Tracking,10K views,3 years ago,186,https://www.youtube.com/watch?v=WajtPtLAg-o,"Want to start detecting your own custom gestures?

Want to leverage deep learning for hand tracking?"
Install Tensorflow Object Detection From Scratch in 5 Steps | Python Deep Learning,155K views,3 years ago,2.3K,https://www.youtube.com/watch?v=dZh_ps8gKgs,"Running into errors?

Tired of seeing ""ERROR: XXXXX something didn't go right"""
Deploy Tensorflow.Js Object Detection Apps in 20 Minutes | Computer Vision React.Js,13K views,3 years ago,255,https://www.youtube.com/watch?v=2dwSXXMFhPY,"localhost:3000?

Meh."
5 THINGS I WISH I KNEW Before Starting Data Science,42K views,3 years ago,2.2K,https://www.youtube.com/watch?v=B5emClQf_I4,"So you're trying to learn Data Science?

But maybe, just maybe, you want a kick start. "
Building a Real Time Sign Language Detection App with React.JS and Tensorflow.JS | Deep Learning,71K views,3 years ago,1.6K,https://www.youtube.com/watch?v=ZTSRZt04JkY,"Tired of just using your Python Tensorflow Object Detection model in OpenCV?

Want to showcase your work in a standalone app?"
Building an Object Detection App with Tensorflow.JS and React.JS in 15 Minutes | COCO SSD,95K views,3 years ago,2K,https://www.youtube.com/watch?v=uTdUUpfA83s,"Want to build your very own object detection app?

Tried, but maybe it took a little too long?"
Optical Character Recognition with EasyOCR and Python | OCR PyTorch,119K views,3 years ago,2.2K,https://www.youtube.com/watch?v=ZVKaWPW9oQY,"Need to extract text from an image?

Tired of manually transcribing?"
Real Time Sign Language Detection with Tensorflow Object Detection and Python | Deep Learning SSD,525K views,3 years ago,10K,https://www.youtube.com/watch?v=pDXdlXlaCco,"Language barriers are very much still a real thing. 

We can take baby steps to help close that."
Real Time Face Mask Detection with Tensorflow and Python | Custom Object Detection w/ MobileNet SSD,236K views,3 years ago,4.3K,https://www.youtube.com/watch?v=IOI0o3Cxv9Q,"Ever wanted to build your very own custom object detector?

Got lost with all the tutorials and installation?"
Automated Time Series Forecasting in Planning Analytics (and more!),3K views,3 years ago,76,https://www.youtube.com/watch?v=02ChRbyYQWg,"Want to amp up your forecast accuracy?

Ready to ramp up into rolling forecasts?"
Day in the Life of a DATA SCIENTIST *wfh edition*,136K views,3 years ago,2.2K,https://www.youtube.com/watch?v=bVCrzoIVudU,"Ever wanted to know what a Data Scientist does in a day?

Well I thought I‚Äôd share what a ‚Äòtypical day‚Äô looks like for me.  "
Agile Project Management for Data Projects in 14 Minutes,16K views,3 years ago,499,https://www.youtube.com/watch?v=ERWZhMZuJfs,"Need a crash course on how to manage your next data project?

Want to use Agile but not sure where to start?"
Python Voice Translation in 17 Minutes with Watson Speech to Text and Language Translator,14K views,3 years ago,327,https://www.youtube.com/watch?v=WewKL2wSaxs,"Watson NLP API's on their own are pretty neat...but

...by stacking multiple together you can unleash a heap of NLP prowess. "
Real Time AI GESTURE RECOGNITION with Tensorflow.JS + React.JS + Fingerpose,61K views,3 years ago,1.2K,https://www.youtube.com/watch?v=9MTiQMxTXPE,"Mouse? 

Keyboard?"
AI Resume Insights in 20 Minutes Using Personality Insights and Python,11K views,3 years ago,303,https://www.youtube.com/watch?v=sylpzyltetE,"HEADS UP EVERYONE, THIS API HAS NOW BEEN DEPRECATED!

Tired of going through resume‚Äôs one by one?"
Presidential Debate Twitter Sentiment Analysis using Python and NLTK,17K views,3 years ago,574,https://www.youtube.com/watch?v=_EgqxIoUE7U,"Imagine you‚Äôve got customer review. 

Working out whether it‚Äôs a good or bad review is pretty easy right? "
Real Time Body Segmentation Tutorial with Tensorflow.JS and React.JS,15K views,3 years ago,279,https://www.youtube.com/watch?v=KAaXbGr9o0s,"Semantic segmentation means more than just detecting body parts‚Ä¶

In fact, it‚Äôs leading to rapid improvements in medical diagnosis, autonomous vehicles and materials science. "
"Real Time AI HAND POSE Estimation with Javascript, Tensorflow.JS and React.JS",34K views,3 years ago,766,https://www.youtube.com/watch?v=f7uBsb-0sGQ,"Want to get started with gesture detection?

Or maybe you're interested in sign language recognition?"
AI Speech to Text for LONG Files in 15 Minutes with Watson STT and Python,14K views,3 years ago,425,https://www.youtube.com/watch?v=ZUsaIOTJvM4,"Bored of those dull lectures?

Tired of watching replays of tedious meetings?"
Real Time AI Face Landmark Detection in 20 Minutes with Tensorflow.JS and React,113K views,3 years ago,2.7K,https://www.youtube.com/watch?v=7lXYGDVHUNw,"Ever wondered how snapchat filters work?

Three words...facial landmark recognition!"
Building a AI Budget Bot for Planning Analytics with Watson Assistant in 20 Minutes,1.7K views,3 years ago,38,https://www.youtube.com/watch?v=zUvnUQeBLb8,"Tired of the long hours?

Budget commentary driving you up the wall?"
Serverless Functions for TM1/Planning Analytics in 20 Minutes,1.3K views,3 years ago,33,https://www.youtube.com/watch?v=LPhrWzlM_8w,"Want to interact with your Planning Analytics environment‚Ä¶from anywhere?

Say hello to cloud functions!"
Transcribe Video to Text with Python and Watson in 15 Minutes,40K views,3 years ago,953,https://www.youtube.com/watch?v=FM6kHcXpw98,"Tired of taking lecture notes?

Bored of writing down meeting minutes?"
Real Time Pose Estimation with Tensorflow.Js and Javascript,38K views,3 years ago,699,https://www.youtube.com/watch?v=PyxsziqatFE,"Been trying to perfect your golf swing?

Maybe, you've been working on the perfect salsa steps. "
NumPy for Beginners in 15 minutes | Python Crash Course,30K views,3 years ago,1K,https://www.youtube.com/watch?v=uRsE5WGiKWo,"Kick start your journey to data science with NumPy! 

In just 15 minutes you'll learn everything your need to know to get up and running with NumPy. This video goes through everything from installin"
Deep Reinforcement Learning Tutorial for Python in 20 Minutes,176K views,3 years ago,4.3K,https://www.youtube.com/watch?v=cO5g5qLrLSo,"Worked with supervised learning?

Maybe you‚Äôve dabbled with unsupervised learning. "
Analyse ANY Conversation in 10 Minutes with Python and Watson Tone Analyser,6K views,3 years ago,176,https://www.youtube.com/watch?v=u7WXnFvX0d4,"Tone is important.

Conversational tone can positively (AND negatively) influence a lot of outcomes. "
Language Translation and Identification in 10 Minutes with Python and Watson AI,14K views,3 years ago,349,https://www.youtube.com/watch?v=_jLRKUuBUtY,"Language barriers are a thing of the past right?

Ahhh, not quite!"
Pandas for Data Science in 20 Minutes | Python Crash Course,94K views,3 years ago,3.9K,https://www.youtube.com/watch?v=tRKeLrwfUgU,"Want to get up to speed with Pandas FAST?

"
AI Text to Speech in 10 Minutes with Python and Watson TTS,81K views,3 years ago,1.4K,https://www.youtube.com/watch?v=8k8S5ruFAUs,"Tired of speaking on webex?

Not so pumped to give that speech?"
Build a Face Mask Detector in 20 Minutes with Watson and Python,54K views,3 years ago,1.3K,https://www.youtube.com/watch?v=T9KfYaS9hwQ,"We‚Äôre living in strange times at the moment. 

And it seems like wearing masks in public are becoming the norm. "
Converting Speech to Text in 10 Minutes with Python and Watson,42K views,3 years ago,831,https://www.youtube.com/watch?v=A9_0OgW1LZU,"Want to amp up your study notes?

Need to get started with NLP but only have audio files?"
Analyzing Twitter Accounts with Python and Personality Insights,6.1K views,3 years ago,194,https://www.youtube.com/watch?v=Ee0kLCMhqeM,"Ever wanted to get a better handle on Twitter feeds?

Keen to know what makes celebs tick?"
Build FAST Machine Learning Apps with Javascript React.Js and Watson || Python ML PT.6,19K views,3 years ago,342,https://www.youtube.com/watch?v=Oi1FyKbivdg,"Tired of showing your machine learning apps in a Jupyter Notebook?

Want to show off all of your ML prowess in a slick app?"
Mind Blowing Machine Learning Apps with Node.JS and Watson Machine Learning || Python ML PT.5,12K views,3 years ago,207,https://www.youtube.com/watch?v=2b_xDzrBv6c,"Want to know what the best part of machine learning is?!

Using it for stuff!!"
Deploying Machine Learning Models with Watson Machine Learning || Python Machine Learning PT.4,5.1K views,3 years ago,78,https://www.youtube.com/watch?v=_2gHffpM9Q8,"So‚Ä¶you‚Äôve built a machine learning model.

Now, how do you ‚Äòget it‚Äô into your app?"
Python Machine Learning with Scikit Learn - Regression || Python Machine Learning PT.3,8.6K views,3 years ago,258,https://www.youtube.com/watch?v=LglAar_m5ZY,"The modelling phase of the data science lifecycle is without a doubt the most fun part, it's where you get to select a bunch of algorithms and train them to detect patterns within your data. 
"
Preparing Pandas Dataframes for Machine Learning || Python Machine Learning PT.2,7.5K views,3 years ago,203,https://www.youtube.com/watch?v=FFM8YUKzT8o,So before you jump right into the deep end with machine learning you need to work out what to do with your data. This is where data preparation comes in. It's where you'll probably spend 80% of your time when working on Data Science projects but it's often also where you're able to contribute the most value. 
Exploratory Data Analysis With Pandas || Python Machine Learning PT.1,26K views,3 years ago,731,https://www.youtube.com/watch?v=rr-KwIjinpM,"Want to know what a modern day superpower looks like‚Ä¶

Just learn machine learning with Python!"
Optimizing Resource Allocation with Docplex and Planning Analytics || Marketing Opt PT.4,2K views,3 years ago,38,https://www.youtube.com/watch?v=EzhzJyu77y8,"Choose wisely you must‚Ä¶

‚Ä¶or just have Decision Optimisation choose for you!"
Building Marketing Dashboards with Planning Analytics Workspace || Marketing Opt PT.3,958 views,3 years ago,17,https://www.youtube.com/watch?v=x-VQ0Nr-Pg0,"Alrighty, we‚Äôre onto part three of the marketing optimisation series!

By now, you‚Äôve built a cube."
Loading Data into Planning Analytics with Python || Marketing Opt PT.2,2.1K views,3 years ago,51,https://www.youtube.com/watch?v=Qg8DwCzXg24,"Not quite sure if you could be doing better with your marketing?

Wish you could eek out just a little more out of your spend?"
Solving Optimization Problems with Python Linear Programming,74K views,3 years ago,1.5K,https://www.youtube.com/watch?v=ufYtueq2DCw,"Want to solve complex linear programming problems faster?

Throw some Python at it!"
Optimizing Marketing Spend using Linear Programming || Marketing Opt PT.1,5.1K views,3 years ago,79,https://www.youtube.com/watch?v=KE33E_Ilta4,"Not quite sure if you could be doing better with your marketing?

Wish you could eek out just a little more out of your spend?"
AI vs Machine Learning vs Deep Learning vs Data Science,5.4K views,3 years ago,289,https://www.youtube.com/watch?v=iPUWwpocc1c,"Not sure whether to use Deep Learning or Data Science?

Someone told you to use TensorFlow instead of PyTorch?"
Automate Budgeting with Python and Planning Analytics,22K views,3 years ago,374,https://www.youtube.com/watch?v=6iHFdS_PQjc,"Copying and pasting last month's budget?

Tired of the same 'ol forecast?"
Sales Forecasting in Excel with Machine Learning and Python Automation,28K views,3 years ago,557,https://www.youtube.com/watch?v=pCuV_7H2vyQ,"Tired of manually creating a sales forecast each month?

Over copying and pasting last year's estimate?"
Predicting Churn with Automated Python Machine Learning,8K views,3 years ago,213,https://www.youtube.com/watch?v=TsK289LVlrY,"Churn is a destroyer of businesses....

So how do you get ahead of it, you learn how to predict it. "
Javascript Chatbot From Scratch with React.Js [Part 2],21K views,3 years ago,309,https://www.youtube.com/watch?v=-rejmmjSnHM,"Want to build your very own chatbot app?

This video runs through how to do just that. In the second part of this two part series we'll go through:"
Chatbot App Tutorial with Javascript Node.js [Part 1],24K views,3 years ago,352,https://www.youtube.com/watch?v=D_doogJln14,"Want to build your very own chatbot app?

This video runs through how to do just that. In part one of this two part series we'll go through:"
Building a Reddit Keyword Research Chatbot,1.3K views,3 years ago,42,https://www.youtube.com/watch?v=s6cw6R5hu5c,"Working out what to write about can be a nightmare. 

This applies if you're creating YouTube videos, blogging, and creating just about any type of content. "
Shopify Customer Service Chatbot using Python Automation,6.5K views,3 years ago,123,https://www.youtube.com/watch?v=xof1OgxcRhY,"Tired of the same ol' sucky customer service?

You're not alone!"
Chatbot Crash Course for Absolute Beginners - Full 20 Minute Tutorial,6.8K views,3 years ago,118,https://www.youtube.com/watch?v=CeId265HGnM,"Let's face it, everybody wants a chatbot...

And ya know what? Everybody can have one!"
AI learns what to do next using Tensorflow and Python,1.5K views,4 years ago,29,https://www.youtube.com/watch?v=nxRRf0ebPxU,"What if you could predict what's going to happen next? Maybe it'd make life just that little bit easier. In this post I run through how to predict the next most likely event using Python and TensorFlow 2. 
"
