title,video_link,views,date_time,thumbnail_link
What they didn't tell you about Falcon 180b (and will it change?),/watch?v=giO92FBk33c,8.5K views,3 months ago,https://i.ytimg.com/vi/giO92FBk33c/hqdefault.jpg?sqp=-oaymwEcCNACELwBSFXyq4qpAw4IARUAAIhCGAFwAcABBg==&rs=AOn4CLApvYD6GhZtV6JRaITgjGQz3EgQtw
I used LLaMA 2 70B to rebuild GPT Banker...and its AMAZING (LLM RAG),/watch?v=SedGB8m2XLM,97K views,4 months ago,https://i.ytimg.com/vi/SedGB8m2XLM/hqdefault.jpg?sqp=-oaymwEcCNACELwBSFXyq4qpAw4IARUAAIhCGAFwAcABBg==&rs=AOn4CLBK91qPaz9lw1zrlXMesfXFIX1r7w
I tried to break down the Generative AI Stack in 6 minutes (with watsonx),/watch?v=HJl50-GHQr8,14K views,5 months ago,https://i.ytimg.com/vi/HJl50-GHQr8/hqdefault.jpg?sqp=-oaymwEcCNACELwBSFXyq4qpAw4IARUAAIhCGAFwAcABBg==&rs=AOn4CLCXnDrUG6294F7v5ZWBo2yZOPCB6w
I used the BEST Open Source LLM to build a GPT WebApp (Falcon-40B Instruct),/watch?v=hMJgdVJWQRU,92K views,6 months ago,https://i.ytimg.com/vi/hMJgdVJWQRU/hqdefault.jpg?sqp=-oaymwEcCNACELwBSFXyq4qpAw4IARUAAIhCGAFwAcABBg==&rs=AOn4CLBNjwtzzTq9qFmZSwWAdLF4w1raJw
I tested a STACK of FREE Large Language Models...here's how it went.,/watch?v=5JpPo-NOq9s,51K views,7 months ago,https://i.ytimg.com/vi/5JpPo-NOq9s/hqdefault.jpg?sqp=-oaymwEcCNACELwBSFXyq4qpAw4IARUAAIhCGAFwAcABBg==&rs=AOn4CLC-JMHEWZYooFnhThNYD_IyiFrrxQ
I built a GPT Investment Banker using this 312 PAGE document,/watch?v=u8vQyTzNGVY,172K views,7 months ago,https://i.ytimg.com/vi/u8vQyTzNGVY/hqdefault.jpg?sqp=-oaymwEcCNACELwBSFXyq4qpAw4IARUAAIhCGAFwAcABBg==&rs=AOn4CLCZHC8TwSPA6WqESBUu5damQAdNqw
LangChain Crash Course: Build a AutoGPT app in 25 minutes!,/watch?v=MlK6SIjcjE8,383K views,8 months ago,https://i.ytimg.com/vi/MlK6SIjcjE8/hqdefault.jpg?sqp=-oaymwEcCNACELwBSFXyq4qpAw4IARUAAIhCGAFwAcABBg==&rs=AOn4CLAghzxLP0E5SUjBjs7gwgCCMiQwgQ
ChatGPT vs NeuralSeek: what's better for BUSINESS?,/watch?v=55nZ8rU9lM0,11K views,8 months ago,https://i.ytimg.com/vi/55nZ8rU9lM0/hqdefault.jpg?sqp=-oaymwEcCNACELwBSFXyq4qpAw4IARUAAIhCGAFwAcABBg==&rs=AOn4CLBAMreXTxdeakYrtHYvjQ4s7hioIg
How to Code a Machine Learning Lip Reading App with Python Tensorflow and Streamlit,/watch?v=FMPYShYLg3o,26K views,10 months ago,https://i.ytimg.com/vi/FMPYShYLg3o/hqdefault.jpg?sqp=-oaymwEcCNACELwBSFXyq4qpAw4IARUAAIhCGAFwAcABBg==&rs=AOn4CLAb3mOAIKo-c7TU3QxaDk3vsZ6Shw
MusicLM is a GAMECHANGER for ML Text to Music Generation,/watch?v=F4WEGvFAwv8,30K views,10 months ago,https://i.ytimg.com/vi/F4WEGvFAwv8/hqdefault.jpg?sqp=-oaymwEcCNACELwBSFXyq4qpAw4IARUAAIhCGAFwAcABBg==&rs=AOn4CLABiekshDHozY4hX5DlpvHPXmkqww
Build a Deep Learning Model that can LIP READ using Python and Tensorflow | Full Tutorial,/watch?v=uKyojQjbx4c,63K views,11 months ago,https://i.ytimg.com/vi/uKyojQjbx4c/hqdefault.jpg?sqp=-oaymwEcCNACELwBSFXyq4qpAw4IARUAAIhCGAFwAcABBg==&rs=AOn4CLAm1IJFhC9doa7iler2Qnq50ZP-dg
I tried coding a AI DEPTH VISION app with MIDAS in 15 Minutes,/watch?v=c_WbKfyt8pY,24K views,1 year ago,https://i.ytimg.com/vi/c_WbKfyt8pY/hqdefault.jpg?sqp=-oaymwEcCNACELwBSFXyq4qpAw4IARUAAIhCGAFwAcABBg==&rs=AOn4CLB_eKC_cDSwh1FQOnANGWmAPGGwqQ
My FULL STACK MACHINE LEARNING course is FINALLY DONE!,/watch?v=SgoVJq18YSI,23K views,1 year ago,https://i.ytimg.com/vi/SgoVJq18YSI/hqdefault.jpg?sqp=-oaymwEcCNACELwBSFXyq4qpAw4IARUAAIhCGAFwAcABBg==&rs=AOn4CLDGDT0OSXoM46okuqEYpGF4RJSgww
I tried to code a TRAFFIC SIGN ML MODEL in 15 minutes,/watch?v=zPWxavBy1X0,27K views,1 year ago,https://i.ytimg.com/vi/zPWxavBy1X0/hqdefault.jpg?sqp=-oaymwEcCNACELwBSFXyq4qpAw4IARUAAIhCGAFwAcABBg==&rs=AOn4CLA2oCAGqDipi9oyW9IgR10pRnWBfg
I tried to build a REACT STABLE DIFFUSION App in 15 minutes,/watch?v=3l16wCsDglU,56K views,1 year ago,https://i.ytimg.com/vi/3l16wCsDglU/hqdefault.jpg?sqp=-oaymwEcCNACELwBSFXyq4qpAw4IARUAAIhCGAFwAcABBg==&rs=AOn4CLANXdRYCp2VQKapS8DLcI0UpYwmuQ
I tried building a AUTO MACHINE LEARNING Web App 15 Minutes,/watch?v=xTKoyfCQiiU,68K views,1 year ago,https://i.ytimg.com/vi/xTKoyfCQiiU/hqdefault.jpg?sqp=-oaymwEcCNACELwBSFXyq4qpAw4IARUAAIhCGAFwAcABBg==&rs=AOn4CLBQUv8xUg3hPfuQXfCoj6qo5Mu2xQ
I tried building an ML Cancer Segmentation API in 15 Minutes,/watch?v=aMldpZF6GBU,14K views,1 year ago,https://i.ytimg.com/vi/aMldpZF6GBU/hqdefault.jpg?sqp=-oaymwEcCNACELwBSFXyq4qpAw4IARUAAIhCGAFwAcABBg==&rs=AOn4CLAJ37MHEHg_ph2hguaecI0pqmkzJQ
I tried to build a ML Drowsiness Detector App (with sound alerts) in 15 mins,/watch?v=msGOrJIMGy8,19K views,1 year ago,https://i.ytimg.com/vi/msGOrJIMGy8/hqdefault.jpg?sqp=-oaymwEcCNACELwBSFXyq4qpAw4IARUAAIhCGAFwAcABBg==&rs=AOn4CLAfc5A1F0i2BBtSmRxutYuVetbnqA
I secretly used AI to clone my favourite Rapper,/watch?v=HoMZxHNpM84,18K views,1 year ago,https://i.ytimg.com/vi/HoMZxHNpM84/hqdefault.jpg?sqp=-oaymwEcCNACELwBSFXyq4qpAw4IARUAAIhCGAFwAcABBg==&rs=AOn4CLCbzWhHhPhoREAaMHaXNXd2717lHw
I tried to build a ML Text to Image App with Stable Diffusion in 15 Minutes,/watch?v=7xc0Fs3fpCg,88K views,1 year ago,https://i.ytimg.com/vi/7xc0Fs3fpCg/hqdefault.jpg?sqp=-oaymwEcCNACELwBSFXyq4qpAw4IARUAAIhCGAFwAcABBg==&rs=AOn4CLAcT7uCRZjnMMdLArxTObguDCgBFA
I tried to build a Python Machine Learning Streamlit App in 7 Minutes | Coding Challenge,/watch?v=Ebb4gUI2IpQ,42K views,1 year ago,https://i.ytimg.com/vi/Ebb4gUI2IpQ/hqdefault.jpg?sqp=-oaymwEcCNACELwBSFXyq4qpAw4IARUAAIhCGAFwAcABBg==&rs=AOn4CLDYKfKsG8S7aPqOwtV9OHii8o9tRw
I tried to build a Machine Learning Python App in 15 Minutes | Coding Challenge,/watch?v=zaBy3X37Oa8,97K views,1 year ago,https://i.ytimg.com/vi/zaBy3X37Oa8/hqdefault.jpg?sqp=-oaymwEcCNACELwBSFXyq4qpAw4IARUAAIhCGAFwAcABBg==&rs=AOn4CLBhnbpaXPW-qEPHXETIee6df_BqDg
Building a Neural Network with PyTorch in 15 Minutes | Coding Challenge,/watch?v=mozBidd58VQ,114K views,1 year ago,https://i.ytimg.com/vi/mozBidd58VQ/hqdefault.jpg?sqp=-oaymwEcCNACELwBSFXyq4qpAw4IARUAAIhCGAFwAcABBg==&rs=AOn4CLAf9HLEbQrsnmp27uZqAHY1iCBnaQ
Building the Gradient Descent Algorithm in 15 Minutes | Coding Challenge,/watch?v=Souzjv6WfrY,48K views,1 year ago,https://i.ytimg.com/vi/Souzjv6WfrY/hqdefault.jpg?sqp=-oaymwEcCNACELwBSFXyq4qpAw4IARUAAIhCGAFwAcABBg==&rs=AOn4CLAxJ10P6b7Y-wao1xeB5qnAEwa24A
Building a Machine Learning API in 15 Minutes | Coding Challenge,/watch?v=C82lT9cWQiA,102K views,1 year ago,https://i.ytimg.com/vi/C82lT9cWQiA/hqdefault.jpg?sqp=-oaymwEcCNACELwBSFXyq4qpAw4IARUAAIhCGAFwAcABBg==&rs=AOn4CLCvMKlGaeMhqoH9Nswod8juRTzFWg
Data Scientist answers Your DEEPEST Questions | Data Science AMA,/watch?v=ymF9xq7xIug,2.2K views,1 year ago,https://i.ytimg.com/vi/ymF9xq7xIug/hqdefault.jpg?sqp=-oaymwEcCNACELwBSFXyq4qpAw4IARUAAIhCGAFwAcABBg==&rs=AOn4CLA7vyYhKbyF1y_oMb1b2Wh3tAunVw
Reinforcement Learning for Gaming | Full Python Course in 9 Hours,/watch?v=dWmJ5CXSKdw,57K views,1 year ago,https://i.ytimg.com/vi/dWmJ5CXSKdw/hqdefault.jpg?sqp=-oaymwEcCNACELwBSFXyq4qpAw4IARUAAIhCGAFwAcABBg==&rs=AOn4CLBAnEiDMoL60haxx0NlMhtZqaMnvw
AI DREW all of THESE | DALLE-2 Walkthrough,/watch?v=-MX5C_e5Ytk,5K views,1 year ago,https://i.ytimg.com/vi/-MX5C_e5Ytk/hqdefault.jpg?sqp=-oaymwEcCNACELwBSFXyq4qpAw4IARUAAIhCGAFwAcABBg==&rs=AOn4CLBPKTnHO-FuTDQo8eSnFjvtjAjyWQ
Build a Virtual Agent in 15 minutes with Watson Assistant Actions | Chatbot Tutorial,/watch?v=0sgjH5NWbNw,16K views,1 year ago,https://i.ytimg.com/vi/0sgjH5NWbNw/hqdefault.jpg?sqp=-oaymwEcCNACELwBSFXyq4qpAw4IARUAAIhCGAFwAcABBg==&rs=AOn4CLBndlAGYXmhkokG9E6nUa2K-HJZoA
Unboxing the M1 Max for Data Science Work,/watch?v=Aso895pvii0,8.4K views,1 year ago,https://i.ytimg.com/vi/Aso895pvii0/hqdefault.jpg?sqp=-oaymwEcCNACELwBSFXyq4qpAw4IARUAAIhCGAFwAcABBg==&rs=AOn4CLCKeEKQD4wOhhHILGlWiVgVB1YrLQ
MACHINE LEARNING Battlestation Breakdown,/watch?v=GH1RuKguO54,5.9K views,1 year ago,https://i.ytimg.com/vi/GH1RuKguO54/hqdefault.jpg?sqp=-oaymwEcCNACELwBSFXyq4qpAw4IARUAAIhCGAFwAcABBg==&rs=AOn4CLA-MoUsO0DWZGFq1u35-Rc1iZEYBA
Build a Chrome Dino Game AI Model with Python | AI Learns to Play Dino Game,/watch?v=vahwuupy81A,28K views,1 year ago,https://i.ytimg.com/vi/vahwuupy81A/hqdefault.jpg?sqp=-oaymwEcCNACELwBSFXyq4qpAw4IARUAAIhCGAFwAcABBg==&rs=AOn4CLD3I4nDX_9IdOgW1lMrk-JqScbYyg
"How I stay MOTIVATED when learning DEEP TECH (coding, ML & data science)",/watch?v=ilrHB5tD15g,7.9K views,1 year ago,https://i.ytimg.com/vi/ilrHB5tD15g/hqdefault.jpg?sqp=-oaymwEcCNACELwBSFXyq4qpAw4IARUAAIhCGAFwAcABBg==&rs=AOn4CLAqHfT86pUycpWAfjDqo5RqzddICg
Build a Generative Adversarial Neural Network with Tensorflow and Python | Deep Learning Projects,/watch?v=AALBGpLbj6Q,110K views,1 year ago,https://i.ytimg.com/vi/AALBGpLbj6Q/hqdefault.jpg?sqp=-oaymwEcCNACELwBSFXyq4qpAw4IARUAAIhCGAFwAcABBg==&rs=AOn4CLCE8epQNEf6gt7e5TGgpyPZRvOaXA
Singapore DATA SCIENCE Day in the Life | First work TRIP post lockdown,/watch?v=TW5WuaSyKjY,6.3K views,1 year ago,https://i.ytimg.com/vi/TW5WuaSyKjY/hqdefault.jpg?sqp=-oaymwEcCNACELwBSFXyq4qpAw4IARUAAIhCGAFwAcABBg==&rs=AOn4CLA3uARimWRYyPHh1vJ9BQNgMMH0qQ
Uncover what Deep CNNs are doing with Python and Tensorflow,/watch?v=Zanrd7IzZLM,12K views,1 year ago,https://i.ytimg.com/vi/Zanrd7IzZLM/hqdefault.jpg?sqp=-oaymwEcCNACELwBSFXyq4qpAw4IARUAAIhCGAFwAcABBg==&rs=AOn4CLBep_-0v0IZZQvAx5uXW4vkeklOtQ
MACHINE LEARNING Resources I use EVERYDAY (and you can too!),/watch?v=kKZFmklDSXs,11K views,1 year ago,https://i.ytimg.com/vi/kKZFmklDSXs/hqdefault.jpg?sqp=-oaymwEcCNACELwBSFXyq4qpAw4IARUAAIhCGAFwAcABBg==&rs=AOn4CLDEyva90tQvguHFZZj5LQCtz1qxew
Build a Deep Iris Detection Model using Python and Tensorflow | Keypoint Detection,/watch?v=qpFrg4gN4Mg,35K views,1 year ago,https://i.ytimg.com/vi/qpFrg4gN4Mg/hqdefault.jpg?sqp=-oaymwEcCNACELwBSFXyq4qpAw4IARUAAIhCGAFwAcABBg==&rs=AOn4CLCR4RucTh7S_BuAvYqWpycPT0iqIw
Build a Deep Face Detection Model with Python and Tensorflow | Full Course,/watch?v=N_W4EYtsa10,169K views,1 year ago,https://i.ytimg.com/vi/N_W4EYtsa10/hqdefault.jpg?sqp=-oaymwEcCNACELwBSFXyq4qpAw4IARUAAIhCGAFwAcABBg==&rs=AOn4CLCeSiFcmhkKiRIKzo5q3Q_dHmy3BQ
Build a Comment Toxicity Model with Deep Learning and Python,/watch?v=ZUqB-luawZg,45K views,1 year ago,https://i.ytimg.com/vi/ZUqB-luawZg/hqdefault.jpg?sqp=-oaymwEcCNACELwBSFXyq4qpAw4IARUAAIhCGAFwAcABBg==&rs=AOn4CLDy-pie0WN6ZE8kmExlO-T0pxCukQ
Build a Deep CNN Image Classifier with ANY Images,/watch?v=jztwpsIzEGc,410K views,1 year ago,https://i.ytimg.com/vi/jztwpsIzEGc/hqdefault.jpg?sqp=-oaymwEcCNACELwBSFXyq4qpAw4IARUAAIhCGAFwAcABBg==&rs=AOn4CLCRTYEf-OvDfFot0p_onTfpVefVcQ
Getting Started with Python Deep Learning for Beginners,/watch?v=19LQRx78QVU,137K views,1 year ago,https://i.ytimg.com/vi/19LQRx78QVU/hqdefault.jpg?sqp=-oaymwEcCNACELwBSFXyq4qpAw4IARUAAIhCGAFwAcABBg==&rs=AOn4CLDunpl21BsjqXsIJwHFM9hw6VFRrA
Build a Deep Audio Classifier with Python and Tensorflow,/watch?v=ZLIPkmmDJAc,122K views,1 year ago,https://i.ytimg.com/vi/ZLIPkmmDJAc/hqdefault.jpg?sqp=-oaymwEcCNACELwBSFXyq4qpAw4IARUAAIhCGAFwAcABBg==&rs=AOn4CLDYf05ww1JGxB2T_WCDXjjgUG_I7A
7 Key Skills You NEED to Stand Out in Data Science,/watch?v=bNi8RMQ-g6A,6K views,1 year ago,https://i.ytimg.com/vi/bNi8RMQ-g6A/hqdefault.jpg?sqp=-oaymwEcCNACELwBSFXyq4qpAw4IARUAAIhCGAFwAcABBg==&rs=AOn4CLA2Uq9290Ghw_DUJDpTtY8rqFzuuw
Deep Fake Images and Video with SimSwap,/watch?v=IHLwjiBmf-g,57K views,1 year ago,https://i.ytimg.com/vi/IHLwjiBmf-g/hqdefault.jpg?sqp=-oaymwEcCNACELwBSFXyq4qpAw4IARUAAIhCGAFwAcABBg==&rs=AOn4CLCATExL5DnpUqPHgbBVlE3jrJS7EQ
Bringing OLD IMAGES back to life with DEOLDIFY AI and Python,/watch?v=0iZdzWG1-NY,17K views,1 year ago,https://i.ytimg.com/vi/0iZdzWG1-NY/hqdefault.jpg?sqp=-oaymwEcCNACELwBSFXyq4qpAw4IARUAAIhCGAFwAcABBg==&rs=AOn4CLAW32EKd4a0KCoyqR9shoElC6j1rg
Upscale your Images using DEEP SUPER RESOLUTION with ESRGAN,/watch?v=67hqsP7fhvQ,86K views,1 year ago,https://i.ytimg.com/vi/67hqsP7fhvQ/hqdefault.jpg?sqp=-oaymwEcCNACELwBSFXyq4qpAw4IARUAAIhCGAFwAcABBg==&rs=AOn4CLAPO1GwmVh0zzZo_DSezwv9etIdIw
I made OD bots for Gaming in 30 MINUTES,/watch?v=0efnQCHbsyE,18K views,1 year ago,https://i.ytimg.com/vi/0efnQCHbsyE/hqdefault.jpg?sqp=-oaymwEcCNACELwBSFXyq4qpAw4IARUAAIhCGAFwAcABBg==&rs=AOn4CLBT_vepKv_FLe2WEhtFuafyNWywLw
Build a Street Fighter AI Model with Python | Gaming Reinforcement Learning Full Course,/watch?v=rzbFhu6So5U,43K views,1 year ago,https://i.ytimg.com/vi/rzbFhu6So5U/hqdefault.jpg?sqp=-oaymwEcCNACELwBSFXyq4qpAw4IARUAAIhCGAFwAcABBg==&rs=AOn4CLAUVdUtnQiVDp3_zuzDLE9Q5_-e9g
Build a Deep Q&A Web App with Transformers and Anvil | Python Deep Learning App,/watch?v=G1uGSkANZjQ,14K views,1 year ago,https://i.ytimg.com/vi/G1uGSkANZjQ/hqdefault.jpg?sqp=-oaymwEcCNACELwBSFXyq4qpAw4IARUAAIhCGAFwAcABBg==&rs=AOn4CLD3JhEFfGMbmb9JfHpqJY2fFeRb3Q
Capture Timberman Footage with Python and OpenCV | Gaming Computer Vision,/watch?v=2VP9nOWiJ04,7.3K views,1 year ago,https://i.ytimg.com/vi/2VP9nOWiJ04/hqdefault.jpg?sqp=-oaymwEcCNACELwBSFXyq4qpAw4IARUAAIhCGAFwAcABBg==&rs=AOn4CLAVp6WpL19PQudfg_0whFTSeA4oiQ
Build a Doom AI Model with Python | Gaming Reinforcement Learning Full Course,/watch?v=eBCU-tqLGfQ,37K views,1 year ago,https://i.ytimg.com/vi/eBCU-tqLGfQ/hqdefault.jpg?sqp=-oaymwEcCNACELwBSFXyq4qpAw4IARUAAIhCGAFwAcABBg==&rs=AOn4CLAaWvX3LOarw-LI5vWZBuWGew-pyQ
Build an Mario AI Model with Python | Gaming Reinforcement Learning,/watch?v=2eeYqJ0uBKE,134K views,2 years ago,https://i.ytimg.com/vi/2eeYqJ0uBKE/hqdefault.jpg?sqp=-oaymwEcCNACELwBSFXyq4qpAw4IARUAAIhCGAFwAcABBg==&rs=AOn4CLBmC6Yb_PsB2_mwdbheyTj1FcSiMQ
Detect Edges with OpenCV and Python | Computer Vision Tutorial,/watch?v=6cXV8dhNu50,24K views,2 years ago,https://i.ytimg.com/vi/6cXV8dhNu50/hqdefault.jpg?sqp=-oaymwEcCNACELwBSFXyq4qpAw4IARUAAIhCGAFwAcABBg==&rs=AOn4CLA2kI6mcrEsFRHa414Bpnd-rlS0lA
Build a TikTok Data Science App with Streamlit and Python | Data Science Project,/watch?v=E6B3uWF-V7w,44K views,2 years ago,https://i.ytimg.com/vi/E6B3uWF-V7w/hqdefault.jpg?sqp=-oaymwEcCNACELwBSFXyq4qpAw4IARUAAIhCGAFwAcABBg==&rs=AOn4CLAzV8c7l-0o-2bMtXJaHeeC6eM1FQ
AI Learns to Do Deadlifts,/watch?v=H7cGq0xIHbc,29K views,2 years ago,https://i.ytimg.com/vi/H7cGq0xIHbc/hqdefault.jpg?sqp=-oaymwEcCNACELwBSFXyq4qpAw4IARUAAIhCGAFwAcABBg==&rs=AOn4CLBp_AoqVnhZM57IfRKyoI7CaAWadQ
Accessing USB Devices and Webcams with OpenCV and Python,/watch?v=FygLqV15TxQ,74K views,2 years ago,https://i.ytimg.com/vi/FygLqV15TxQ/hqdefault.jpg?sqp=-oaymwEcCNACELwBSFXyq4qpAw4IARUAAIhCGAFwAcABBg==&rs=AOn4CLDx3c7Yev9wpPIqoeQHUJi_z46W6g
"Reading, Transforming and Exporting Videos using OpenCV and Python",/watch?v=mEzBnhJPUjc,23K views,2 years ago,https://i.ytimg.com/vi/mEzBnhJPUjc/hqdefault.jpg?sqp=-oaymwEcCNACELwBSFXyq4qpAw4IARUAAIhCGAFwAcABBg==&rs=AOn4CLCUWYIZE4X_8aObD-MdR71FbUdpsg
Build a Python Facial Recognition App with Tensorflow and Kivy,/watch?v=LKispFFQ5GU,141K views,2 years ago,https://i.ytimg.com/vi/LKispFFQ5GU/hqdefault.jpg?sqp=-oaymwEcCNACELwBSFXyq4qpAw4IARUAAIhCGAFwAcABBg==&rs=AOn4CLCHwm9W8kqI0ydDmzkFVUBuZX4Z3A
Build a Deep Facial Recognition App // Part 8 - Kivy Computer Vision App with OpenCV and Tensorflow,/watch?v=43eAC1LMrsU,29K views,2 years ago,https://i.ytimg.com/vi/43eAC1LMrsU/hqdefault.jpg?sqp=-oaymwEcCNACELwBSFXyq4qpAw4IARUAAIhCGAFwAcABBg==&rs=AOn4CLArrs23r965nLnSXIMWe1m62DZVQw
"How to Read, View and Export Images using OpenCV for Python // OpenCV for Beginners",/watch?v=6yA5S9B2Z60,11K views,2 years ago,https://i.ytimg.com/vi/6yA5S9B2Z60/hqdefault.jpg?sqp=-oaymwEcCNACELwBSFXyq4qpAw4IARUAAIhCGAFwAcABBg==&rs=AOn4CLA75HpuTUWGT6K8NmFzApYv18Uz4A
How to Install OpenCV for Python // OpenCV for Beginners,/watch?v=M6jukmppMqU,38K views,2 years ago,https://i.ytimg.com/vi/M6jukmppMqU/hqdefault.jpg?sqp=-oaymwEcCNACELwBSFXyq4qpAw4IARUAAIhCGAFwAcABBg==&rs=AOn4CLDVDCEPas2es8UPx-uM2SmxgOf7Pw
Build a Conversation Agent using Facebook's Blenderbot and #Python,/watch?v=FfywuRCPmqY,9.5K views,2 years ago,https://i.ytimg.com/vi/FfywuRCPmqY/hqdefault.jpg?sqp=-oaymwEcCNACELwBSFXyq4qpAw4IARUAAIhCGAFwAcABBg==&rs=AOn4CLDdtXCn5F9yymm3RIi-HwP4woRTlg
Build a Deep Facial Recognition App // Part 7 - Real Time Predictions with OpenCV // #Python,/watch?v=FNHLVRJ1HU4,14K views,2 years ago,https://i.ytimg.com/vi/FNHLVRJ1HU4/hqdefault.jpg?sqp=-oaymwEcCNACELwBSFXyq4qpAw4IARUAAIhCGAFwAcABBg==&rs=AOn4CLA-mDXWUnnWgDOyZ9nAh5uvAJXCgQ
Build a Deep Facial Recognition App // Part 6 - Making Facial Recognition Predictions // #Python,/watch?v=W1pw_ojO7XE,11K views,2 years ago,https://i.ytimg.com/vi/W1pw_ojO7XE/hqdefault.jpg?sqp=-oaymwEcCNACELwBSFXyq4qpAw4IARUAAIhCGAFwAcABBg==&rs=AOn4CLD3RmpJqjMhTQN84om6ohTQYUUNrQ
How I became a Data Scientist at IBM (No CS Degree / No Masters),/watch?v=2UXWNsOPN30,67K views,2 years ago,https://i.ytimg.com/vi/2UXWNsOPN30/hqdefault.jpg?sqp=-oaymwEcCNACELwBSFXyq4qpAw4IARUAAIhCGAFwAcABBg==&rs=AOn4CLAgZNOppc8jTMjAs-xOT7lRmkvsgQ
Build a Deep Facial Recognition App // Part 5 - Training a Siamese Neural Network // #Python,/watch?v=Z3Bafw9DO7o,14K views,2 years ago,https://i.ytimg.com/vi/Z3Bafw9DO7o/hqdefault.jpg?sqp=-oaymwEcCNACELwBSFXyq4qpAw4IARUAAIhCGAFwAcABBg==&rs=AOn4CLD0zTqkissSWtbWDldpoEazqRAbPQ
Build a Deep Facial Recognition App // Part 4 - Building a Siamese Neural Network // #Python,/watch?v=sQpPaW17TwU,19K views,2 years ago,https://i.ytimg.com/vi/sQpPaW17TwU/hqdefault.jpg?sqp=-oaymwEcCNACELwBSFXyq4qpAw4IARUAAIhCGAFwAcABBg==&rs=AOn4CLCNwcyPrUnDS6SI4qEUmx_LEyaakQ
Build a Deep Facial Recognition App // Part 3 - Preparing Data for Deep Learning // TF Dataloader,/watch?v=QBxQxYvdNek,16K views,2 years ago,https://i.ytimg.com/vi/QBxQxYvdNek/hqdefault.jpg?sqp=-oaymwEcCNACELwBSFXyq4qpAw4IARUAAIhCGAFwAcABBg==&rs=AOn4CLD58vaZvl6m0W7sBCKG8h9mqUjNjg
Machine Learning Projects You NEVER Knew Existed,/watch?v=sw3o0rAazMg,128K views,2 years ago,https://i.ytimg.com/vi/sw3o0rAazMg/hqdefault.jpg?sqp=-oaymwEcCNACELwBSFXyq4qpAw4IARUAAIhCGAFwAcABBg==&rs=AOn4CLADLmbaixFelULwTLU2T0QMR-WiAw
Build a Deep Facial Recognition App // Part 2 Collecting Data // Deep Learning Project Tutorial,/watch?v=UMjW4Db4E_g,23K views,2 years ago,https://i.ytimg.com/vi/UMjW4Db4E_g/hqdefault.jpg?sqp=-oaymwEcCNACELwBSFXyq4qpAw4IARUAAIhCGAFwAcABBg==&rs=AOn4CLDkcq8VWzkggDUSFYXRqQ-zXhJh2w
Build a Deep Facial Recognition App from Paper to Code // Part 1 // Deep Learning Project Tutorial,/watch?v=bK_k7eebGgc,64K views,2 years ago,https://i.ytimg.com/vi/bK_k7eebGgc/hqdefault.jpg?sqp=-oaymwEcCNACELwBSFXyq4qpAw4IARUAAIhCGAFwAcABBg==&rs=AOn4CLBEqMDrTsdO2biO1CTwx3oS69YBVw
Tensorflow Multi-Person Pose Estimation with Python // Machine Learning Tutorial,/watch?v=KC7nJtBHBqg,41K views,2 years ago,https://i.ytimg.com/vi/KC7nJtBHBqg/hqdefault.jpg?sqp=-oaymwEcCNACELwBSFXyq4qpAw4IARUAAIhCGAFwAcABBg==&rs=AOn4CLBzTCQ0NydMhbrdm90Bar73pSPHJw
Automatic Summarization using Deep Learning | Abstractive Summarization with Pegasus,/watch?v=Yo5Hw8aV3vY,35K views,2 years ago,https://i.ytimg.com/vi/Yo5Hw8aV3vY/hqdefault.jpg?sqp=-oaymwEcCNACELwBSFXyq4qpAw4IARUAAIhCGAFwAcABBg==&rs=AOn4CLD2PPAHT_nzBuqM7QAAyCu817uE8w
Rip out Drug Labels using Deep Learning with PaddleOCR & Python,/watch?v=t5xwQguk9XU,32K views,2 years ago,https://i.ytimg.com/vi/t5xwQguk9XU/hqdefault.jpg?sqp=-oaymwEcCNACELwBSFXyq4qpAw4IARUAAIhCGAFwAcABBg==&rs=AOn4CLAnuJRpSyZseDTrVCZvDByZBWiIfg
The END for developers? First look at OpenAI Codex + Python Tutorial,/watch?v=3uhP6xDfx3o,32K views,2 years ago,https://i.ytimg.com/vi/3uhP6xDfx3o/hqdefault.jpg?sqp=-oaymwEcCNACELwBSFXyq4qpAw4IARUAAIhCGAFwAcABBg==&rs=AOn4CLBr2ydbc4Vmbz27nB4u0tHTf0bbFQ
Python for Data Science | Beginner Friendly Full Course in 5 Hours,/watch?v=yGN28LY5VuA,48K views,2 years ago,https://i.ytimg.com/vi/yGN28LY5VuA/hqdefault.jpg?sqp=-oaymwEcCNACELwBSFXyq4qpAw4IARUAAIhCGAFwAcABBg==&rs=AOn4CLDthMa4XmZwu6W7fGYRSBvxuxPMyQ
Build a Deep Learning Selfie Segmentation Web App using Gradio,/watch?v=jq5QfwDkBGs,8.4K views,2 years ago,https://i.ytimg.com/vi/jq5QfwDkBGs/hqdefault.jpg?sqp=-oaymwEcCNACELwBSFXyq4qpAw4IARUAAIhCGAFwAcABBg==&rs=AOn4CLCyZJJ5jAWnnFJEXh8X4z24bsCrJQ
Master ML Papers without Losing Your Sh*t,/watch?v=JuG6ZcNe_3Q,22K views,2 years ago,https://i.ytimg.com/vi/JuG6ZcNe_3Q/hqdefault.jpg?sqp=-oaymwEcCNACELwBSFXyq4qpAw4IARUAAIhCGAFwAcABBg==&rs=AOn4CLA80LDrU3HnQJqhpuUtgbZXzCaO5w
Build a Simple Language Translation App using Python for Beginners,/watch?v=feA-H6blwr4,24K views,2 years ago,https://i.ytimg.com/vi/feA-H6blwr4/hqdefault.jpg?sqp=-oaymwEcCNACELwBSFXyq4qpAw4IARUAAIhCGAFwAcABBg==&rs=AOn4CLDl7G_sfsyiwElJFWPqIU-aBK_Anw
"Deep Drowsiness Detection using YOLO, Pytorch and Python",/watch?v=tFNJGim3FXw,204K views,2 years ago,https://i.ytimg.com/vi/tFNJGim3FXw/hqdefault.jpg?sqp=-oaymwEcCNACELwBSFXyq4qpAw4IARUAAIhCGAFwAcABBg==&rs=AOn4CLC4udqgwYwv-yprnbSCluWMYt01yg
Pose Estimation with the Fastest Python Deep Learning Model | MoveNet Lightning,/watch?v=SSW9LzOJSus,50K views,2 years ago,https://i.ytimg.com/vi/SSW9LzOJSus/hqdefault.jpg?sqp=-oaymwEcCNACELwBSFXyq4qpAw4IARUAAIhCGAFwAcABBg==&rs=AOn4CLBhbK-9Gq0XrbS5Ck2Y9BjsH3qkDg
Build a ML Classification Model in 12 Lines with PyCaret,/watch?v=sL-4rWuEiVw,17K views,2 years ago,https://i.ytimg.com/vi/sL-4rWuEiVw/hqdefault.jpg?sqp=-oaymwEcCNACELwBSFXyq4qpAw4IARUAAIhCGAFwAcABBg==&rs=AOn4CLBbciHhur4OV8q4Iag2M8ZFVrvFCw
Build a Grammar Correction Python App with Gramformer and Gradio,/watch?v=4htP-hmIBvc,17K views,2 years ago,https://i.ytimg.com/vi/4htP-hmIBvc/hqdefault.jpg?sqp=-oaymwEcCNACELwBSFXyq4qpAw4IARUAAIhCGAFwAcABBg==&rs=AOn4CLBh7nkkF-Q3HQE_x31hqcmEs-kXLQ
Sign Language Detection using ACTION RECOGNITION with Python | LSTM Deep Learning Model,/watch?v=doDUihpj6ro,325K views,2 years ago,https://i.ytimg.com/vi/doDUihpj6ro/hqdefault.jpg?sqp=-oaymwEcCNACELwBSFXyq4qpAw4IARUAAIhCGAFwAcABBg==&rs=AOn4CLAm0sUWNOu4mw43l_ladO2U1zfvKw
Machine Learning Explainability & Bias Detection with Watson OpenScale,/watch?v=wJsUY7IxsvU,4.6K views,2 years ago,https://i.ytimg.com/vi/wJsUY7IxsvU/hqdefault.jpg?sqp=-oaymwEcCNACELwBSFXyq4qpAw4IARUAAIhCGAFwAcABBg==&rs=AOn4CLA529ykQtsfSWNzeqov8uB-Gs-nuw
Exploratory Data Analysis with the Binance API using Python and Pandas | MLTrader EP1,/watch?v=4aqx5P2Y38U,43K views,2 years ago,https://i.ytimg.com/vi/4aqx5P2Y38U/hqdefault.jpg?sqp=-oaymwEcCNACELwBSFXyq4qpAw4IARUAAIhCGAFwAcABBg==&rs=AOn4CLCrsNhanKMVHiKa2o1JOkx8h32ZAQ
Reinforcement Learning in 3 Hours | Full Course using Python,/watch?v=Mut_u40Sqz4,356K views,2 years ago,https://i.ytimg.com/vi/Mut_u40Sqz4/hqdefault.jpg?sqp=-oaymwEcCNACELwBSFXyq4qpAw4IARUAAIhCGAFwAcABBg==&rs=AOn4CLAxpZViKJCxGml4DrFCPRjB3Vp0Ug
Sentiment Analysis with BERT Neural Network and Python,/watch?v=szczpgOEdXs,91K views,2 years ago,https://i.ytimg.com/vi/szczpgOEdXs/hqdefault.jpg?sqp=-oaymwEcCNACELwBSFXyq4qpAw4IARUAAIhCGAFwAcABBg==&rs=AOn4CLBSEeF18MesdpP92s8GylRFcFO-6w
How to Break Into Data Science and Machine Learning and Land your DREAM JOB!,/watch?v=xSElsMUqFqI,4.3K views,2 years ago,https://i.ytimg.com/vi/xSElsMUqFqI/hqdefault.jpg?sqp=-oaymwEcCNACELwBSFXyq4qpAw4IARUAAIhCGAFwAcABBg==&rs=AOn4CLChUrXVcr6uQcjUziuXOUMO7xx9IQ
Instance Segmentation using Mask-RCNN with PixelLib and Python,/watch?v=i_-ud01wFhc,33K views,2 years ago,https://i.ytimg.com/vi/i_-ud01wFhc/hqdefault.jpg?sqp=-oaymwEcCNACELwBSFXyq4qpAw4IARUAAIhCGAFwAcABBg==&rs=AOn4CLDPxyFrc-bMRHhhqOTIU0tfc0X7ag
The ONE weird technique I used to learn DATA SCIENCE in 3 months,/watch?v=cCmGg_Pn9K8,17K views,2 years ago,https://i.ytimg.com/vi/cCmGg_Pn9K8/hqdefault.jpg?sqp=-oaymwEcCNACELwBSFXyq4qpAw4IARUAAIhCGAFwAcABBg==&rs=AOn4CLD0dKMuJ3A798NThXXXpEkFNHI72A
Body Segmentation with Python and Tensorflow BodyPix | Plus and AI Background Removal,/watch?v=0tB6jG55mig,11K views,2 years ago,https://i.ytimg.com/vi/0tB6jG55mig/hqdefault.jpg?sqp=-oaymwEcCNACELwBSFXyq4qpAw4IARUAAIhCGAFwAcABBg==&rs=AOn4CLBQI3Dyu2DFZwp_tNdTaG3pkn9I1w
AI Powered Iris Tracking with WebGazer.Js,/watch?v=Wh77ZGdIaZQ,28K views,2 years ago,https://i.ytimg.com/vi/Wh77ZGdIaZQ/hqdefault.jpg?sqp=-oaymwEcCNACELwBSFXyq4qpAw4IARUAAIhCGAFwAcABBg==&rs=AOn4CLAr-DKInngk2dmpft0DBM470_q0qw
Automatic Number Plate Recognition using Tensorflow and EasyOCR Full Course in 2 Hours | Python,/watch?v=0-4p_QgrdbE,268K views,2 years ago,https://i.ytimg.com/vi/0-4p_QgrdbE/hqdefault.jpg?sqp=-oaymwEcCNACELwBSFXyq4qpAw4IARUAAIhCGAFwAcABBg==&rs=AOn4CLBe4ejowYf-RdeS9P09TXrJLHfopA
AI Text and Code Generation with GPT Neo and Python | GPT3 Clone,/watch?v=6MI0f6YjJIk,69K views,2 years ago,https://i.ytimg.com/vi/6MI0f6YjJIk/hqdefault.jpg?sqp=-oaymwEcCNACELwBSFXyq4qpAw4IARUAAIhCGAFwAcABBg==&rs=AOn4CLBwCPwlrhpqiO3SV4z9SLUAkg3EQw
AI Hand Pose Estimation with MediaPipe | Detect Left and Right Hand + Calculate Angles,/watch?v=EgjwKM3KzGU,32K views,2 years ago,https://i.ytimg.com/vi/EgjwKM3KzGU/hqdefault.jpg?sqp=-oaymwEcCNACELwBSFXyq4qpAw4IARUAAIhCGAFwAcABBg==&rs=AOn4CLCWYZ1mwm1yqWnheh4rRbgjIa21Yg
AI Hand Pose Estimation with MediaPipe and Python,/watch?v=vQZ4IvB07ec,59K views,2 years ago,https://i.ytimg.com/vi/vQZ4IvB07ec/hqdefault.jpg?sqp=-oaymwEcCNACELwBSFXyq4qpAw4IARUAAIhCGAFwAcABBg==&rs=AOn4CLDhKauqdHgXEHkmACYCXClTxfIwvQ
AI Body Language Decoder with MediaPipe and Python in 90 Minutes,/watch?v=We1uB79Ci-w,68K views,2 years ago,https://i.ytimg.com/vi/We1uB79Ci-w/hqdefault.jpg?sqp=-oaymwEcCNACELwBSFXyq4qpAw4IARUAAIhCGAFwAcABBg==&rs=AOn4CLDVp1_lT4VOpK4w6vX71xb8Su4Szw
AI Pose Estimation with Python and MediaPipe | Plus AI Gym Tracker Project,/watch?v=06TE_U21FK4,168K views,2 years ago,https://i.ytimg.com/vi/06TE_U21FK4/hqdefault.jpg?sqp=-oaymwEcCNACELwBSFXyq4qpAw4IARUAAIhCGAFwAcABBg==&rs=AOn4CLB89QZK9eT-ChaLEzRP-jXO1RQAkg
Tensorflow Object Detection in 5 Hours with Python | Full Course with 3 Projects,/watch?v=yqkISICHH-U,1.2M views,2 years ago,https://i.ytimg.com/vi/yqkISICHH-U/hqdefault.jpg?sqp=-oaymwEcCNACELwBSFXyq4qpAw4IARUAAIhCGAFwAcABBg==&rs=AOn4CLB2rt8gJVgZmqG_CYlACMi0XmWrJQ
AI Face Body and Hand Pose Detection with Python and Mediapipe,/watch?v=pG4sUNDOZFg,124K views,2 years ago,https://i.ytimg.com/vi/pG4sUNDOZFg/hqdefault.jpg?sqp=-oaymwEcCNACELwBSFXyq4qpAw4IARUAAIhCGAFwAcABBg==&rs=AOn4CLArlyK82mbF_KP67mtbpyV18hzg1w
Live Speech to Text with Watson Speech to Text and Python | FREE Speech to Text API,/watch?v=YCyuZM454_I,49K views,2 years ago,https://i.ytimg.com/vi/YCyuZM454_I/hqdefault.jpg?sqp=-oaymwEcCNACELwBSFXyq4qpAw4IARUAAIhCGAFwAcABBg==&rs=AOn4CLCQdc5R19dRLVLtlHqgQqpwCXmNaA
Automate Stocks and Crypto Research with Python and Deep Learning | Full Python Project,/watch?v=YbKnsJQKazA,17K views,2 years ago,https://i.ytimg.com/vi/YbKnsJQKazA/hqdefault.jpg?sqp=-oaymwEcCNACELwBSFXyq4qpAw4IARUAAIhCGAFwAcABBg==&rs=AOn4CLC9ZQbvaWkwOryV5joFCzfqrSHnAg
Custom Indicators for Reinforcement Learning Trading Tutorial | $GME Python Trading PT2,/watch?v=q-Uw9gC3D4o,36K views,2 years ago,https://i.ytimg.com/vi/q-Uw9gC3D4o/hqdefault.jpg?sqp=-oaymwEcCNACELwBSFXyq4qpAw4IARUAAIhCGAFwAcABBg==&rs=AOn4CLDMM4NNyJiRFzTaMUV1vHNdDWdwlw
Reinforcement Learning for Trading Tutorial | $GME RL Python Trading,/watch?v=D9sU1hLT0QY,112K views,2 years ago,https://i.ytimg.com/vi/D9sU1hLT0QY/hqdefault.jpg?sqp=-oaymwEcCNACELwBSFXyq4qpAw4IARUAAIhCGAFwAcABBg==&rs=AOn4CLDCcLv2rCRsG_CVknE1mmpMOcXyhQ
Python Reinforcement Learning Tutorial for Beginners in 25 Minutes,/watch?v=nRHjymV2PX8,48K views,2 years ago,https://i.ytimg.com/vi/nRHjymV2PX8/hqdefault.jpg?sqp=-oaymwEcCNACELwBSFXyq4qpAw4IARUAAIhCGAFwAcABBg==&rs=AOn4CLBDDyZIcMHZfUWvZynFGOnacNjDtw
How to Learn DATA SCIENCE Ridiculously FAST,/watch?v=oLpBGtY-_sI,51K views,2 years ago,https://i.ytimg.com/vi/oLpBGtY-_sI/hqdefault.jpg?sqp=-oaymwEcCNACELwBSFXyq4qpAw4IARUAAIhCGAFwAcABBg==&rs=AOn4CLBSky8pdysEfE89HmM4Z9mqmJ4r6w
Calculating Tensorflow Object Detection Metrics with Python | Mean Average  Precision (mAP) & Recall,/watch?v=-HbCA0WGbBg,26K views,2 years ago,https://i.ytimg.com/vi/-HbCA0WGbBg/hqdefault.jpg?sqp=-oaymwEcCNACELwBSFXyq4qpAw4IARUAAIhCGAFwAcABBg==&rs=AOn4CLCgwqJHnrNquFGvohti7kBTWMUFiQ
5 FREE Machine Learning and Data Science Datasets for Your Next Experiment,/watch?v=aJQAeMswAvg,2K views,2 years ago,https://i.ytimg.com/vi/aJQAeMswAvg/hqdefault.jpg?sqp=-oaymwEcCNACELwBSFXyq4qpAw4IARUAAIhCGAFwAcABBg==&rs=AOn4CLCaZgeRffNucFc5onnnGyN2G-gbQQ
Generate Blog Posts with GPT2 & Hugging Face Transformers | AI Text Generation GPT2-Large,/watch?v=cHymMt1SQn8,29K views,2 years ago,https://i.ytimg.com/vi/cHymMt1SQn8/hqdefault.jpg?sqp=-oaymwEcCNACELwBSFXyq4qpAw4IARUAAIhCGAFwAcABBg==&rs=AOn4CLAs8zNl6e6WIao_cApqRvaAeI5S8w
AI Blog Post Summarization with Hugging Face Transformers & Beautiful Soup Web Scraping,/watch?v=JctmnczWg0U,14K views,2 years ago,https://i.ytimg.com/vi/JctmnczWg0U/hqdefault.jpg?sqp=-oaymwEcCNACELwBSFXyq4qpAw4IARUAAIhCGAFwAcABBg==&rs=AOn4CLCmEUzRFh5FjOTGh8PMCREx3HLQFA
Voice Controlled React.JS Apps with Tensorflow.JS | Javascript AI,/watch?v=5bnBE950SHQ,5K views,2 years ago,https://i.ytimg.com/vi/5bnBE950SHQ/hqdefault.jpg?sqp=-oaymwEcCNACELwBSFXyq4qpAw4IARUAAIhCGAFwAcABBg==&rs=AOn4CLC9P9VynieoswuuKAzug0h7A3Ugmw
Speech Command Recognition With Tensorflow.JS and React.JS | Javascript AI,/watch?v=wzWcaLkCy1w,17K views,2 years ago,https://i.ytimg.com/vi/wzWcaLkCy1w/hqdefault.jpg?sqp=-oaymwEcCNACELwBSFXyq4qpAw4IARUAAIhCGAFwAcABBg==&rs=AOn4CLBSUkwo4fpMTcGI2vA1RQXBF7GxUQ
Capturing Object Detection History with Tensorflow Object Detection and Python,/watch?v=UPS54i7Km30,6.1K views,2 years ago,https://i.ytimg.com/vi/UPS54i7Km30/hqdefault.jpg?sqp=-oaymwEcCNACELwBSFXyq4qpAw4IARUAAIhCGAFwAcABBg==&rs=AOn4CLDPV812OPPkrFhiHeMPzRaCx4Qs_g
NLP Powered Q&A with React.Js and Tensorflow.Js BERT,/watch?v=IO1tjm9gcIs,13K views,2 years ago,https://i.ytimg.com/vi/IO1tjm9gcIs/hqdefault.jpg?sqp=-oaymwEcCNACELwBSFXyq4qpAw4IARUAAIhCGAFwAcABBg==&rs=AOn4CLBxE0xNSOQE52xOeuXZ6DhgTkhQng
A.I. Learns to Play Space Invaders | Reinforcement Learning,/watch?v=pvPc7tQkVA8,9.1K views,2 years ago,https://i.ytimg.com/vi/pvPc7tQkVA8/hqdefault.jpg?sqp=-oaymwEcCNACELwBSFXyq4qpAw4IARUAAIhCGAFwAcABBg==&rs=AOn4CLD11A6Z61vbwkeH0ex5zFUBSSk0zw
AI Text Summarization with Hugging Face Transformers in 4 Lines of Python,/watch?v=TsfLm5iiYb4,43K views,2 years ago,https://i.ytimg.com/vi/TsfLm5iiYb4/hqdefault.jpg?sqp=-oaymwEcCNACELwBSFXyq4qpAw4IARUAAIhCGAFwAcABBg==&rs=AOn4CLAzelN0dt5nUu0ywEF5c4Oin_YQNw
I Tried Teaching AI Sign Language,/watch?v=Bpaa560qN9U,5.5K views,2 years ago,https://i.ytimg.com/vi/Bpaa560qN9U/hqdefault.jpg?sqp=-oaymwEcCNACELwBSFXyq4qpAw4IARUAAIhCGAFwAcABBg==&rs=AOn4CLBHnOoY8YD_bsFPNVd5RHjZNcaAsg
Forecasting Weather with Neural Prophet and Python,/watch?v=mgX0Iz4q0bE,34K views,2 years ago,https://i.ytimg.com/vi/mgX0Iz4q0bE/hqdefault.jpg?sqp=-oaymwEcCNACELwBSFXyq4qpAw4IARUAAIhCGAFwAcABBg==&rs=AOn4CLDQXDQh3cbzfzI1YAJ_83y0uG2AKg
Building a Custom Environment for Deep Reinforcement Learning with OpenAI Gym and Python,/watch?v=bD6V3rcr_54,120K views,2 years ago,https://i.ytimg.com/vi/bD6V3rcr_54/hqdefault.jpg?sqp=-oaymwEcCNACELwBSFXyq4qpAw4IARUAAIhCGAFwAcABBg==&rs=AOn4CLDuHhOrvDGfFPYhFKbnqu813QAiOA
Neural Style Transfer Tutorial with Tensorflow and Python in 10 Minutes,/watch?v=bFeltWvzZpQ,37K views,3 years ago,https://i.ytimg.com/vi/bFeltWvzZpQ/hqdefault.jpg?sqp=-oaymwEcCNACELwBSFXyq4qpAw4IARUAAIhCGAFwAcABBg==&rs=AOn4CLDJVb-4UwbcjKk84-2gWbUbGHmEjw
Focus on These TOP 7 Data Science SKILLS in 2021,/watch?v=sNNFEKZhOlA,8.7K views,3 years ago,https://i.ytimg.com/vi/sNNFEKZhOlA/hqdefault.jpg?sqp=-oaymwEcCNACELwBSFXyq4qpAw4IARUAAIhCGAFwAcABBg==&rs=AOn4CLDYsPDSNj7uv1i1iv0AKK66TcRaAg
Deep Reinforcement Learning for Atari Games Python Tutorial | AI Plays Space Invaders,/watch?v=hCeJeq8U0lo,51K views,3 years ago,https://i.ytimg.com/vi/hCeJeq8U0lo/hqdefault.jpg?sqp=-oaymwEcCNACELwBSFXyq4qpAw4IARUAAIhCGAFwAcABBg==&rs=AOn4CLBjEyRqw9FGI7h9X2638apoePoe_w
Tensorflow Tutorial for Python in 10 Minutes,/watch?v=6_2hzRopPbQ,320K views,3 years ago,https://i.ytimg.com/vi/6_2hzRopPbQ/hqdefault.jpg?sqp=-oaymwEcCNACELwBSFXyq4qpAw4IARUAAIhCGAFwAcABBg==&rs=AOn4CLDirc84lUK8ZUCqnTt7VOp9ZVoEbA
Deploying Machine Learning Models Online with Watson Machine Learning | Python Scikit-Learn,/watch?v=tUHl5TiP_oA,16K views,3 years ago,https://i.ytimg.com/vi/tUHl5TiP_oA/hqdefault.jpg?sqp=-oaymwEcCNACELwBSFXyq4qpAw4IARUAAIhCGAFwAcABBg==&rs=AOn4CLDpHMKMu6uHaBE7M-ubCSjr_-tt3A
Time Series Forecasting with Facebook Prophet and Python in 20 Minutes,/watch?v=KvLG1uTC-KU,95K views,3 years ago,https://i.ytimg.com/vi/KvLG1uTC-KU/hqdefault.jpg?sqp=-oaymwEcCNACELwBSFXyq4qpAw4IARUAAIhCGAFwAcABBg==&rs=AOn4CLALVu2EUw5_cGZ-82cvvFFLprWQIQ
Python ANPR with OpenCV and EasyOCR in 25 Minutes | Automatic Number Plate Recognition Tutorial,/watch?v=NApYP_5wlKY,187K views,3 years ago,https://i.ytimg.com/vi/NApYP_5wlKY/hqdefault.jpg?sqp=-oaymwEcCNACELwBSFXyq4qpAw4IARUAAIhCGAFwAcABBg==&rs=AOn4CLAE_Tq8GZjwsPZIquIZwLhBr-WaTg
Custom Handpose Gesture Detection with Tensorflow.Js and React.Js | Deep Learning Hand Tracking,/watch?v=WajtPtLAg-o,10K views,3 years ago,https://i.ytimg.com/vi/WajtPtLAg-o/hqdefault.jpg?sqp=-oaymwEcCNACELwBSFXyq4qpAw4IARUAAIhCGAFwAcABBg==&rs=AOn4CLAVqcCbPnNlvOuSqAUxLeQnG_aqgQ
Install Tensorflow Object Detection From Scratch in 5 Steps | Python Deep Learning,/watch?v=dZh_ps8gKgs,155K views,3 years ago,https://i.ytimg.com/vi/dZh_ps8gKgs/hqdefault.jpg?sqp=-oaymwEcCNACELwBSFXyq4qpAw4IARUAAIhCGAFwAcABBg==&rs=AOn4CLAcJWEiO_1P65GgMPff7_8MQrpfRQ
Deploy Tensorflow.Js Object Detection Apps in 20 Minutes | Computer Vision React.Js,/watch?v=2dwSXXMFhPY,13K views,3 years ago,https://i.ytimg.com/vi/2dwSXXMFhPY/hqdefault.jpg?sqp=-oaymwEcCNACELwBSFXyq4qpAw4IARUAAIhCGAFwAcABBg==&rs=AOn4CLB2GQHbv2i4XFgBJBf5DEDcDMkr7w
5 THINGS I WISH I KNEW Before Starting Data Science,/watch?v=B5emClQf_I4,42K views,3 years ago,https://i.ytimg.com/vi/B5emClQf_I4/hqdefault.jpg?sqp=-oaymwEcCNACELwBSFXyq4qpAw4IARUAAIhCGAFwAcABBg==&rs=AOn4CLCovXQ9y1bINwbQUxxUfhZPMHNvOw
Building a Real Time Sign Language Detection App with React.JS and Tensorflow.JS | Deep Learning,/watch?v=ZTSRZt04JkY,71K views,3 years ago,https://i.ytimg.com/vi/ZTSRZt04JkY/hqdefault.jpg?sqp=-oaymwEcCNACELwBSFXyq4qpAw4IARUAAIhCGAFwAcABBg==&rs=AOn4CLBS2xeKffucQf-t1mPqtyk918MarQ
Building an Object Detection App with Tensorflow.JS and React.JS in 15 Minutes | COCO SSD,/watch?v=uTdUUpfA83s,95K views,3 years ago,https://i.ytimg.com/vi/uTdUUpfA83s/hqdefault.jpg?sqp=-oaymwEcCNACELwBSFXyq4qpAw4IARUAAIhCGAFwAcABBg==&rs=AOn4CLDasYijDlETenJJQc8qXqro_Xu8xw
Optical Character Recognition with EasyOCR and Python | OCR PyTorch,/watch?v=ZVKaWPW9oQY,119K views,3 years ago,https://i.ytimg.com/vi/ZVKaWPW9oQY/hqdefault.jpg?sqp=-oaymwEcCNACELwBSFXyq4qpAw4IARUAAIhCGAFwAcABBg==&rs=AOn4CLBooB9CUjuEmkxEhdSIKx0divw3UA
Real Time Sign Language Detection with Tensorflow Object Detection and Python | Deep Learning SSD,/watch?v=pDXdlXlaCco,525K views,3 years ago,https://i.ytimg.com/vi/pDXdlXlaCco/hqdefault.jpg?sqp=-oaymwEcCNACELwBSFXyq4qpAw4IARUAAIhCGAFwAcABBg==&rs=AOn4CLD_kVChjKsSDAv9IEoRItsNmaFTiA
Real Time Face Mask Detection with Tensorflow and Python | Custom Object Detection w/ MobileNet SSD,/watch?v=IOI0o3Cxv9Q,236K views,3 years ago,https://i.ytimg.com/vi/IOI0o3Cxv9Q/hqdefault.jpg?sqp=-oaymwEcCNACELwBSFXyq4qpAw4IARUAAIhCGAFwAcABBg==&rs=AOn4CLB_BSpf5sKkr5sptXP7SfC44lGTig
Automated Time Series Forecasting in Planning Analytics (and more!),/watch?v=02ChRbyYQWg,3K views,3 years ago,https://i.ytimg.com/vi/02ChRbyYQWg/hqdefault.jpg?sqp=-oaymwEcCNACELwBSFXyq4qpAw4IARUAAIhCGAFwAcABBg==&rs=AOn4CLCQ7daSOYmnbrSovKKBQTDn7kbmtg
Day in the Life of a DATA SCIENTIST *wfh edition*,/watch?v=bVCrzoIVudU,136K views,3 years ago,https://i.ytimg.com/vi/bVCrzoIVudU/hqdefault.jpg?sqp=-oaymwEcCNACELwBSFXyq4qpAw4IARUAAIhCGAFwAcABBg==&rs=AOn4CLB6yupwUOGoWKBPYT2uYPphwHqKgQ
Agile Project Management for Data Projects in 14 Minutes,/watch?v=ERWZhMZuJfs,16K views,3 years ago,https://i.ytimg.com/vi/ERWZhMZuJfs/hqdefault.jpg?sqp=-oaymwEcCNACELwBSFXyq4qpAw4IARUAAIhCGAFwAcABBg==&rs=AOn4CLCsf6Cm1rPJf3T0-w44WYw32H10HQ
Python Voice Translation in 17 Minutes with Watson Speech to Text and Language Translator,/watch?v=WewKL2wSaxs,14K views,3 years ago,https://i.ytimg.com/vi/WewKL2wSaxs/hqdefault.jpg?sqp=-oaymwEcCNACELwBSFXyq4qpAw4IARUAAIhCGAFwAcABBg==&rs=AOn4CLB56A1fGO6rQNUop0mzOI9sTHx-Mw
Real Time AI GESTURE RECOGNITION with Tensorflow.JS + React.JS + Fingerpose,/watch?v=9MTiQMxTXPE,61K views,3 years ago,https://i.ytimg.com/vi/9MTiQMxTXPE/hqdefault.jpg?sqp=-oaymwEcCNACELwBSFXyq4qpAw4IARUAAIhCGAFwAcABBg==&rs=AOn4CLDczjNUnGMt-OtQTf3uB8bR13eo8Q
AI Resume Insights in 20 Minutes Using Personality Insights and Python,/watch?v=sylpzyltetE,11K views,3 years ago,https://i.ytimg.com/vi/sylpzyltetE/hqdefault.jpg?sqp=-oaymwEcCNACELwBSFXyq4qpAw4IARUAAIhCGAFwAcABBg==&rs=AOn4CLBiuIlVni3haqPWSMLtVTJLEXnmXg
Presidential Debate Twitter Sentiment Analysis using Python and NLTK,/watch?v=_EgqxIoUE7U,17K views,3 years ago,https://i.ytimg.com/vi/_EgqxIoUE7U/hqdefault.jpg?sqp=-oaymwEcCNACELwBSFXyq4qpAw4IARUAAIhCGAFwAcABBg==&rs=AOn4CLAHEB5ifUsXj4NlB6JCYas_tyJrfA
Real Time Body Segmentation Tutorial with Tensorflow.JS and React.JS,/watch?v=KAaXbGr9o0s,15K views,3 years ago,https://i.ytimg.com/vi/KAaXbGr9o0s/hqdefault.jpg?sqp=-oaymwEcCNACELwBSFXyq4qpAw4IARUAAIhCGAFwAcABBg==&rs=AOn4CLBH6ftFOj7mbrUPT-0VGJ7s46jnFw
"Real Time AI HAND POSE Estimation with Javascript, Tensorflow.JS and React.JS",/watch?v=f7uBsb-0sGQ,34K views,3 years ago,https://i.ytimg.com/vi/f7uBsb-0sGQ/hqdefault.jpg?sqp=-oaymwEcCNACELwBSFXyq4qpAw4IARUAAIhCGAFwAcABBg==&rs=AOn4CLAkTd8U8MFxYSH8MqgbStxb43vTvA
AI Speech to Text for LONG Files in 15 Minutes with Watson STT and Python,/watch?v=ZUsaIOTJvM4,14K views,3 years ago,https://i.ytimg.com/vi/ZUsaIOTJvM4/hqdefault.jpg?sqp=-oaymwEcCNACELwBSFXyq4qpAw4IARUAAIhCGAFwAcABBg==&rs=AOn4CLCqb1AkduZGCbp9WMv3eei6oaCuuw
Real Time AI Face Landmark Detection in 20 Minutes with Tensorflow.JS and React,/watch?v=7lXYGDVHUNw,113K views,3 years ago,https://i.ytimg.com/vi/7lXYGDVHUNw/hqdefault.jpg?sqp=-oaymwEcCNACELwBSFXyq4qpAw4IARUAAIhCGAFwAcABBg==&rs=AOn4CLBgsptGdZZOI7NNESGYoyX9PMdFqg
Building a AI Budget Bot for Planning Analytics with Watson Assistant in 20 Minutes,/watch?v=zUvnUQeBLb8,1.7K views,3 years ago,https://i.ytimg.com/vi/zUvnUQeBLb8/hqdefault.jpg?sqp=-oaymwEcCNACELwBSFXyq4qpAw4IARUAAIhCGAFwAcABBg==&rs=AOn4CLAj2KfX4JY-ZfvzrBRMXRRhgS1M3g
Serverless Functions for TM1/Planning Analytics in 20 Minutes,/watch?v=LPhrWzlM_8w,1.3K views,3 years ago,https://i.ytimg.com/vi/LPhrWzlM_8w/hqdefault.jpg?sqp=-oaymwEcCNACELwBSFXyq4qpAw4IARUAAIhCGAFwAcABBg==&rs=AOn4CLCwwjamP3zcbmMWXXKSSdUP5eiE7A
Transcribe Video to Text with Python and Watson in 15 Minutes,/watch?v=FM6kHcXpw98,40K views,3 years ago,https://i.ytimg.com/vi/FM6kHcXpw98/hqdefault.jpg?sqp=-oaymwEcCNACELwBSFXyq4qpAw4IARUAAIhCGAFwAcABBg==&rs=AOn4CLBzOg4M_wzzsRBd9u2g-rxbm9Hc-A
Real Time Pose Estimation with Tensorflow.Js and Javascript,/watch?v=PyxsziqatFE,38K views,3 years ago,https://i.ytimg.com/vi/PyxsziqatFE/hqdefault.jpg?sqp=-oaymwEcCNACELwBSFXyq4qpAw4IARUAAIhCGAFwAcABBg==&rs=AOn4CLBEibAr84HXvbaLcVy5uxCyimLtKA
NumPy for Beginners in 15 minutes | Python Crash Course,/watch?v=uRsE5WGiKWo,30K views,3 years ago,https://i.ytimg.com/vi/uRsE5WGiKWo/hqdefault.jpg?sqp=-oaymwEcCNACELwBSFXyq4qpAw4IARUAAIhCGAFwAcABBg==&rs=AOn4CLDMrti1qvjzRCyNUI0rmpsx3BC6Eg
Deep Reinforcement Learning Tutorial for Python in 20 Minutes,/watch?v=cO5g5qLrLSo,176K views,3 years ago,https://i.ytimg.com/vi/cO5g5qLrLSo/hqdefault.jpg?sqp=-oaymwEcCNACELwBSFXyq4qpAw4IARUAAIhCGAFwAcABBg==&rs=AOn4CLDLaYLKTjPQVf7goxVnpoRlz7QeJw
Analyse ANY Conversation in 10 Minutes with Python and Watson Tone Analyser,/watch?v=u7WXnFvX0d4,6K views,3 years ago,https://i.ytimg.com/vi/u7WXnFvX0d4/hqdefault.jpg?sqp=-oaymwEcCNACELwBSFXyq4qpAw4IARUAAIhCGAFwAcABBg==&rs=AOn4CLC_fRCYXAosTlmeVFa28eocPB-qNQ
Language Translation and Identification in 10 Minutes with Python and Watson AI,/watch?v=_jLRKUuBUtY,14K views,3 years ago,https://i.ytimg.com/vi/_jLRKUuBUtY/hqdefault.jpg?sqp=-oaymwEcCNACELwBSFXyq4qpAw4IARUAAIhCGAFwAcABBg==&rs=AOn4CLDp738ulEjeN_AhPCGPruIvGcFlbw
Pandas for Data Science in 20 Minutes | Python Crash Course,/watch?v=tRKeLrwfUgU,94K views,3 years ago,https://i.ytimg.com/vi/tRKeLrwfUgU/hqdefault.jpg?sqp=-oaymwEcCNACELwBSFXyq4qpAw4IARUAAIhCGAFwAcABBg==&rs=AOn4CLDOLz3eGYHqe1TAwMF5-RBgOX0f-w
AI Text to Speech in 10 Minutes with Python and Watson TTS,/watch?v=8k8S5ruFAUs,81K views,3 years ago,https://i.ytimg.com/vi/8k8S5ruFAUs/hqdefault.jpg?sqp=-oaymwEcCNACELwBSFXyq4qpAw4IARUAAIhCGAFwAcABBg==&rs=AOn4CLDmDnB6Em88vpS8LVo1r_SCnBfGUA
Build a Face Mask Detector in 20 Minutes with Watson and Python,/watch?v=T9KfYaS9hwQ,54K views,3 years ago,https://i.ytimg.com/vi/T9KfYaS9hwQ/hqdefault.jpg?sqp=-oaymwEcCNACELwBSFXyq4qpAw4IARUAAIhCGAFwAcABBg==&rs=AOn4CLDFh-tCTqsYamkjzdhXYp2CBVALiA
Converting Speech to Text in 10 Minutes with Python and Watson,/watch?v=A9_0OgW1LZU,42K views,3 years ago,https://i.ytimg.com/vi/A9_0OgW1LZU/hqdefault.jpg?sqp=-oaymwEcCNACELwBSFXyq4qpAw4IARUAAIhCGAFwAcABBg==&rs=AOn4CLAxnGFy2OKCMSQ38bh9JzHhSeJLWA
Analyzing Twitter Accounts with Python and Personality Insights,/watch?v=Ee0kLCMhqeM,6.1K views,3 years ago,https://i.ytimg.com/vi/Ee0kLCMhqeM/hqdefault.jpg?sqp=-oaymwEcCNACELwBSFXyq4qpAw4IARUAAIhCGAFwAcABBg==&rs=AOn4CLDuGjBS8kmN152MmHrimj8btMefpA
Build FAST Machine Learning Apps with Javascript React.Js and Watson || Python ML PT.6,/watch?v=Oi1FyKbivdg,19K views,3 years ago,https://i.ytimg.com/vi/Oi1FyKbivdg/hqdefault.jpg?sqp=-oaymwEcCNACELwBSFXyq4qpAw4IARUAAIhCGAFwAcABBg==&rs=AOn4CLBIqRoW2bD1VOhY9kmmDDxt6frK4Q
Mind Blowing Machine Learning Apps with Node.JS and Watson Machine Learning || Python ML PT.5,/watch?v=2b_xDzrBv6c,12K views,3 years ago,https://i.ytimg.com/vi/2b_xDzrBv6c/hqdefault.jpg?sqp=-oaymwEcCNACELwBSFXyq4qpAw4IARUAAIhCGAFwAcABBg==&rs=AOn4CLAs3HI4dCkvWrNgdOsuj-ULioohuQ
Deploying Machine Learning Models with Watson Machine Learning || Python Machine Learning PT.4,/watch?v=_2gHffpM9Q8,5.1K views,3 years ago,https://i.ytimg.com/vi/_2gHffpM9Q8/hqdefault.jpg?sqp=-oaymwEcCNACELwBSFXyq4qpAw4IARUAAIhCGAFwAcABBg==&rs=AOn4CLCl6d80GoLxSLbdzrrDBZd24QgE5Q
Python Machine Learning with Scikit Learn - Regression || Python Machine Learning PT.3,/watch?v=LglAar_m5ZY,8.6K views,3 years ago,https://i.ytimg.com/vi/LglAar_m5ZY/hqdefault.jpg?sqp=-oaymwEcCNACELwBSFXyq4qpAw4IARUAAIhCGAFwAcABBg==&rs=AOn4CLC76wR1SeSWZ8WnQJktUUrWKHhCuQ
Preparing Pandas Dataframes for Machine Learning || Python Machine Learning PT.2,/watch?v=FFM8YUKzT8o,7.5K views,3 years ago,https://i.ytimg.com/vi/FFM8YUKzT8o/hqdefault.jpg?sqp=-oaymwEcCNACELwBSFXyq4qpAw4IARUAAIhCGAFwAcABBg==&rs=AOn4CLCd_MUh7H7yLIk7tLWY7oRBWCuC4Q
Exploratory Data Analysis With Pandas || Python Machine Learning PT.1,/watch?v=rr-KwIjinpM,26K views,3 years ago,https://i.ytimg.com/vi/rr-KwIjinpM/hqdefault.jpg?sqp=-oaymwEcCNACELwBSFXyq4qpAw4IARUAAIhCGAFwAcABBg==&rs=AOn4CLD_uon-ncK_CWCoI3aRPOrnUUy5Lg
Optimizing Resource Allocation with Docplex and Planning Analytics || Marketing Opt PT.4,/watch?v=EzhzJyu77y8,2K views,3 years ago,https://i.ytimg.com/vi/EzhzJyu77y8/hqdefault.jpg?sqp=-oaymwEcCNACELwBSFXyq4qpAw4IARUAAIhCGAFwAcABBg==&rs=AOn4CLBe-IrCc55GKkJbWa1BtFxSY-LhHw
Building Marketing Dashboards with Planning Analytics Workspace || Marketing Opt PT.3,/watch?v=x-VQ0Nr-Pg0,958 views,3 years ago,https://i.ytimg.com/vi/x-VQ0Nr-Pg0/hqdefault.jpg?sqp=-oaymwEcCNACELwBSFXyq4qpAw4IARUAAIhCGAFwAcABBg==&rs=AOn4CLANRXh349pIEbjMxHYRoHl6DfKukg
Loading Data into Planning Analytics with Python || Marketing Opt PT.2,/watch?v=Qg8DwCzXg24,2.1K views,3 years ago,https://i.ytimg.com/vi/Qg8DwCzXg24/hqdefault.jpg?sqp=-oaymwEcCNACELwBSFXyq4qpAw4IARUAAIhCGAFwAcABBg==&rs=AOn4CLADRadhe_HWgzKfDz3PhCCEBKqXQg
Solving Optimization Problems with Python Linear Programming,/watch?v=ufYtueq2DCw,74K views,3 years ago,https://i.ytimg.com/vi/ufYtueq2DCw/hqdefault.jpg?sqp=-oaymwEcCNACELwBSFXyq4qpAw4IARUAAIhCGAFwAcABBg==&rs=AOn4CLCTs_4x1sL4MqHcs7jmF21O-ch2-w
Optimizing Marketing Spend using Linear Programming || Marketing Opt PT.1,/watch?v=KE33E_Ilta4,5.1K views,3 years ago,https://i.ytimg.com/vi/KE33E_Ilta4/hqdefault.jpg?sqp=-oaymwEcCNACELwBSFXyq4qpAw4IARUAAIhCGAFwAcABBg==&rs=AOn4CLCQmW6YrbMEUsS6q3dcvO5f3xfn3A
AI vs Machine Learning vs Deep Learning vs Data Science,/watch?v=iPUWwpocc1c,5.4K views,3 years ago,https://i.ytimg.com/vi/iPUWwpocc1c/hqdefault.jpg?sqp=-oaymwEcCNACELwBSFXyq4qpAw4IARUAAIhCGAFwAcABBg==&rs=AOn4CLBjSwVGoyvAdpVKb4UQkl6XK_pxrQ
Automate Budgeting with Python and Planning Analytics,/watch?v=6iHFdS_PQjc,22K views,3 years ago,https://i.ytimg.com/vi/6iHFdS_PQjc/hqdefault.jpg?sqp=-oaymwEcCNACELwBSFXyq4qpAw4IARUAAIhCGAFwAcABBg==&rs=AOn4CLCWhz55huU8oZUazO5qiz2o2n7WVw
Sales Forecasting in Excel with Machine Learning and Python Automation,/watch?v=pCuV_7H2vyQ,28K views,3 years ago,https://i.ytimg.com/vi/pCuV_7H2vyQ/hqdefault.jpg?sqp=-oaymwEcCNACELwBSFXyq4qpAw4IARUAAIhCGAFwAcABBg==&rs=AOn4CLAIsrqTImNi3q1Y-j3pwpBejaLovw
Predicting Churn with Automated Python Machine Learning,/watch?v=TsK289LVlrY,8K views,3 years ago,https://i.ytimg.com/vi/TsK289LVlrY/hqdefault.jpg?sqp=-oaymwEcCNACELwBSFXyq4qpAw4IARUAAIhCGAFwAcABBg==&rs=AOn4CLBj0MLhX5A3zBTfGuqe4oUhm3XOFw
Javascript Chatbot From Scratch with React.Js [Part 2],/watch?v=-rejmmjSnHM,21K views,3 years ago,https://i.ytimg.com/vi/-rejmmjSnHM/hqdefault.jpg?sqp=-oaymwEcCNACELwBSFXyq4qpAw4IARUAAIhCGAFwAcABBg==&rs=AOn4CLDWpfS1IlwYLyh82uN6VKKpmnZxbQ
Chatbot App Tutorial with Javascript Node.js [Part 1],/watch?v=D_doogJln14,24K views,3 years ago,https://i.ytimg.com/vi/D_doogJln14/hqdefault.jpg?sqp=-oaymwEcCNACELwBSFXyq4qpAw4IARUAAIhCGAFwAcABBg==&rs=AOn4CLAjiY20w1z7Yl6dXZ_o4E4_mefARA
Building a Reddit Keyword Research Chatbot,/watch?v=s6cw6R5hu5c,1.3K views,3 years ago,https://i.ytimg.com/vi/s6cw6R5hu5c/hqdefault.jpg?sqp=-oaymwEcCNACELwBSFXyq4qpAw4IARUAAIhCGAFwAcABBg==&rs=AOn4CLC1CaNvcDegJTK4vJoyvOA_AGCmhg
Shopify Customer Service Chatbot using Python Automation,/watch?v=xof1OgxcRhY,6.5K views,3 years ago,https://i.ytimg.com/vi/xof1OgxcRhY/hqdefault.jpg?sqp=-oaymwEcCNACELwBSFXyq4qpAw4IARUAAIhCGAFwAcABBg==&rs=AOn4CLCfldPmg0EFtUeRiVK7M0xwQCkfqg
Chatbot Crash Course for Absolute Beginners - Full 20 Minute Tutorial,/watch?v=CeId265HGnM,6.8K views,3 years ago,https://i.ytimg.com/vi/CeId265HGnM/hqdefault.jpg?sqp=-oaymwEcCNACELwBSFXyq4qpAw4IARUAAIhCGAFwAcABBg==&rs=AOn4CLDQeyXYiIQzHQD186Wme7ftHECBXQ
AI learns what to do next using Tensorflow and Python,/watch?v=nxRRf0ebPxU,1.5K views,4 years ago,https://i.ytimg.com/vi/nxRRf0ebPxU/hqdefault.jpg?sqp=-oaymwEcCNACELwBSFXyq4qpAw4IARUAAIhCGAFwAcABBg==&rs=AOn4CLBpkxZcUEeFBawOatNOitMFO-cZ7A
How to Build a Watson Discovery Web Crawler - Part 2 - Stock News Crawler,/watch?v=AHc5ylZaiLY,2.6K views,4 years ago,https://i.ytimg.com/vi/AHc5ylZaiLY/hqdefault.jpg?sqp=-oaymwEcCNACELwBSFXyq4qpAw4IARUAAIhCGAFwAcABBg==&rs=AOn4CLCiQhbipItxpF7x1nBRomQOs4nCNg
How to Understand the Watson Discovery Data Schema  - Part 3 - Stock News Crawler,/watch?v=3jJcS7owO1U,1.4K views,4 years ago,https://i.ytimg.com/vi/3jJcS7owO1U/hqdefault.jpg?sqp=-oaymwEcCNACELwBSFXyq4qpAw4IARUAAIhCGAFwAcABBg==&rs=AOn4CLA4XB5H92n-zcgCxbz7tLgGplZtmA
How to Run Search Queries with IBM Watson Discovery - Part 4 - Stock News Crawler,/watch?v=KewKapgrmrQ,1.4K views,4 years ago,https://i.ytimg.com/vi/KewKapgrmrQ/hqdefault.jpg?sqp=-oaymwEcCNACELwBSFXyq4qpAw4IARUAAIhCGAFwAcABBg==&rs=AOn4CLCx9e0o39M40R-RqQ_Im3oO7Zfgxw
How to Run Advanced Queries with Watson Discovery - Part 5 - Stock News Crawler,/watch?v=hEo_la9bT6Y,1K views,4 years ago,https://i.ytimg.com/vi/hEo_la9bT6Y/hqdefault.jpg?sqp=-oaymwEcCNACELwBSFXyq4qpAw4IARUAAIhCGAFwAcABBg==&rs=AOn4CLA_31er9DfHKhTf1lwz8lcMu_Uf1w
Getting Started With IBM Watson Discovery - Part 1 - Stock News Crawler,/watch?v=py8QwrIUynE,3.3K views,4 years ago,https://i.ytimg.com/vi/py8QwrIUynE/hqdefault.jpg?sqp=-oaymwEcCNACELwBSFXyq4qpAw4IARUAAIhCGAFwAcABBg==&rs=AOn4CLChH71fjsQ1rqj7bVs77Q76mxltRw
Deploy and Make Predictions With Watson Studio - Part 5 - Predicting Used Car Prices,/watch?v=8StpGqv6_n0,1.3K views,4 years ago,https://i.ytimg.com/vi/8StpGqv6_n0/hqdefault.jpg?sqp=-oaymwEcCNACELwBSFXyq4qpAw4IARUAAIhCGAFwAcABBg==&rs=AOn4CLAOU9UP53rBhjTgt0bKbhU5ZvtboA
Using Watson Model Builder to Predict Car Prices - Part 4 - Predicting Used Car Prices,/watch?v=dWWlG5LPL6Y,1.4K views,4 years ago,https://i.ytimg.com/vi/dWWlG5LPL6Y/hqdefault.jpg?sqp=-oaymwEcCNACELwBSFXyq4qpAw4IARUAAIhCGAFwAcABBg==&rs=AOn4CLAdETcPkpIowfg_IYwH-S9MkhZSNA
Clean Data and Feature Engineer in IBM Watson Studio - Part  3 - Predict Used Car Prices,/watch?v=iwX7pOgUHzs,1K views,4 years ago,https://i.ytimg.com/vi/iwX7pOgUHzs/hqdefault.jpg?sqp=-oaymwEcCNACELwBSFXyq4qpAw4IARUAAIhCGAFwAcABBg==&rs=AOn4CLDOer_trBH9s_9ZY6nSHOWNAtH0dg
Upload and Visualize Data In IBM Watson Studio - Part 2 - Predicting Used Car Prices,/watch?v=52m8ozsv068,4.5K views,4 years ago,https://i.ytimg.com/vi/52m8ozsv068/hqdefault.jpg?sqp=-oaymwEcCNACELwBSFXyq4qpAw4IARUAAIhCGAFwAcABBg==&rs=AOn4CLCECA7zqc9xUxRRUIGAevGP4b9ajg
Getting Started With IBM Watson Studio Machine Learning - Part 1 - Predicting Used Car Prices,/watch?v=wH3VPyb-LCE,7K views,4 years ago,https://i.ytimg.com/vi/wH3VPyb-LCE/hqdefault.jpg?sqp=-oaymwEcCNACELwBSFXyq4qpAw4IARUAAIhCGAFwAcABBg==&rs=AOn4CLCXCGFu9QXQHDxHu8HvvIefLYiYvA
How to Plot Personality Insights Features at Lightspeed - Part 4  - IBM Watson Personality Insights,/watch?v=TkLMgTLuEKk,740 views,4 years ago,https://i.ytimg.com/vi/TkLMgTLuEKk/hqdefault.jpg?sqp=-oaymwEcCNACELwBSFXyq4qpAw4IARUAAIhCGAFwAcABBg==&rs=AOn4CLAFTaJbAzS5ka4MotfR10lf8KlkAQ
Visualising The Profile   Part 3   Watson Personality Insights,/watch?v=ivhTe_b2aus,942 views,4 years ago,https://i.ytimg.com/vi/ivhTe_b2aus/hqdefault.jpg?sqp=-oaymwEcCNACELwBSFXyq4qpAw4IARUAAIhCGAFwAcABBg==&rs=AOn4CLBNfROWO10VO8tnHVshwypkR1oqSQ
How to Create a Customer Profile with IBM Watson - Part 2 - Watson Personality Insights,/watch?v=Do5tCydKv8E,2.2K views,4 years ago,https://i.ytimg.com/vi/Do5tCydKv8E/hqdefault.jpg?sqp=-oaymwEcCNACELwBSFXyq4qpAw4IARUAAIhCGAFwAcABBg==&rs=AOn4CLCN5eljyyaUGS9hKOrtkolJSrP8vg
How to Setup a IBM Watson Personality Insights Service - Part 1 - Watson Personality Insights,/watch?v=3xukwXLDbbE,4.3K views,4 years ago,https://i.ytimg.com/vi/3xukwXLDbbE/hqdefault.jpg?sqp=-oaymwEcCNACELwBSFXyq4qpAw4IARUAAIhCGAFwAcABBg==&rs=AOn4CLCUZMBUNtynhDRhhzukIG1CWSokcg
How to Clean Text Based Data for NLP - Part 3 - Python Yelp Sentiment Analysis,/watch?v=5ndLJp_pb2Q,6.5K views,4 years ago,https://i.ytimg.com/vi/5ndLJp_pb2Q/hqdefault.jpg?sqp=-oaymwEcCNACELwBSFXyq4qpAw4IARUAAIhCGAFwAcABBg==&rs=AOn4CLCXLQ29sVBYj5QednuvHwnaeShplg
How to Collect Business Reviews Using Python - Part 1 - Python Yelp Sentiment Analysis,/watch?v=9gjKx9Z9E9Y,10K views,4 years ago,https://i.ytimg.com/vi/9gjKx9Z9E9Y/hqdefault.jpg?sqp=-oaymwEcCNACELwBSFXyq4qpAw4IARUAAIhCGAFwAcABBg==&rs=AOn4CLBrT_6jZk9H9P0j0FKIE07ilSNP8g
How to Calculate Sentiment Using TextBlob - Part 5 - Python Yelp Sentiment Analysis,/watch?v=UmNplE591rc,3.9K views,4 years ago,https://i.ytimg.com/vi/UmNplE591rc/hqdefault.jpg?sqp=-oaymwEcCNACELwBSFXyq4qpAw4IARUAAIhCGAFwAcABBg==&rs=AOn4CLDxyPbWn2os5AoNB9nDaJunzne8DA
How to Lemmatize Text - Part 4 - Python Yelp Sentiment Analysis,/watch?v=BpDXGB-U7VE,2.9K views,4 years ago,https://i.ytimg.com/vi/BpDXGB-U7VE/hqdefault.jpg?sqp=-oaymwEcCNACELwBSFXyq4qpAw4IARUAAIhCGAFwAcABBg==&rs=AOn4CLA1mp7gCPjknYmPWJ6s6OECK9-1yQ
How to Analyse Review Data - Part 2 - Python Yelp Sentiment Analysis,/watch?v=0j3l5GciFIo,5.9K views,4 years ago,https://i.ytimg.com/vi/0j3l5GciFIo/hqdefault.jpg?sqp=-oaymwEcCNACELwBSFXyq4qpAw4IARUAAIhCGAFwAcABBg==&rs=AOn4CLAseUVouVYfHb9wD0U1IjaO1EVTJA
Getting an IBMid - Build An Image Classifier with IBM Watson - Part 1,/watch?v=GFSelpjYc4g,4.2K views,4 years ago,https://i.ytimg.com/vi/GFSelpjYc4g/hqdefault.jpg?sqp=-oaymwEcCNACELwBSFXyq4qpAw4IARUAAIhCGAFwAcABBg==&rs=AOn4CLDdP1tQVFxpmEcMV0acmX-cLOCVPA
Creating A Service - Build An Image Classifier with IBM Watson - Part 2,/watch?v=KDI-dr1vyi4,1.9K views,4 years ago,https://i.ytimg.com/vi/KDI-dr1vyi4/hqdefault.jpg?sqp=-oaymwEcCNACELwBSFXyq4qpAw4IARUAAIhCGAFwAcABBg==&rs=AOn4CLCDN3e2vJnD3xbRXnfG25_E6g7pgw
Generating Credentials - Build An Image Classifier with IBM Watson - Part 3,/watch?v=JjuCGJyZacE,1.3K views,4 years ago,https://i.ytimg.com/vi/JjuCGJyZacE/hqdefault.jpg?sqp=-oaymwEcCNACELwBSFXyq4qpAw4IARUAAIhCGAFwAcABBg==&rs=AOn4CLC2fvapTydRFMRkYNpUi0juHChlDg
Installing Watson Developer Cloud - Build An Image Classifier with IBM Watson - Part 4,/watch?v=PPq79Q51Ya4,1.2K views,4 years ago,https://i.ytimg.com/vi/PPq79Q51Ya4/hqdefault.jpg?sqp=-oaymwEcCNACELwBSFXyq4qpAw4IARUAAIhCGAFwAcABBg==&rs=AOn4CLCV6oJcSY9G1JaXzJ7YFlC7uOo7Jg
General Image Classification - Build An Image Classifier with IBM Watson - Part 5,/watch?v=oKDkwZkzX48,1.7K views,4 years ago,https://i.ytimg.com/vi/oKDkwZkzX48/hqdefault.jpg?sqp=-oaymwEcCNACELwBSFXyq4qpAw4IARUAAIhCGAFwAcABBg==&rs=AOn4CLDJFhmOAvRmJ1zvNnSLZagMnJr84g
Food Image Classification - Build An Image Classifier with IBM Watson - Part 6,/watch?v=FgZsV09npbs,2.4K views,4 years ago,https://i.ytimg.com/vi/FgZsV09npbs/hqdefault.jpg?sqp=-oaymwEcCNACELwBSFXyq4qpAw4IARUAAIhCGAFwAcABBg==&rs=AOn4CLD3dEI-f5zNL1AnDOLK2cKsDyD-Sg
Face Detection - Build An Image Classifier with IBM Watson - Part 7,/watch?v=z16aNdvgAog,3.4K views,4 years ago,https://i.ytimg.com/vi/z16aNdvgAog/hqdefault.jpg?sqp=-oaymwEcCNACELwBSFXyq4qpAw4IARUAAIhCGAFwAcABBg==&rs=AOn4CLCOSWcu2VibcaWA7heqNwkOuV6ZjA
