img_link,tags,likes,comments,img_path,img_id
https://cdn.pixabay.com/photo/2022/03/06/05/30/clouds-7050884__480.jpg,"(' Blue Sky', ' Sky', ' Atmosphere', 'Clouds')",196,55,images/img0000001.jpg,img0000001
https://cdn.pixabay.com/photo/2022/04/07/11/45/bird-7117346__340.jpg,"(' Hummingbird', ' Ornithology', 'Bird')",76,20,images/img0000002.jpg,img0000002
https://cdn.pixabay.com/photo/2022/02/28/15/28/sea-7039471__340.jpg,"(' Rainbow', ' Rainfall', ' Subtropical', 'Sea')",282,106,images/img0000003.jpg,img0000003
https://cdn.pixabay.com/photo/2022/04/04/02/52/cherry-blossoms-7110279__340.jpg,"(' Japan', ' Road', 'Cherry Blossoms', ' Sakura')",42,11,images/img0000004.jpg,img0000004
https://cdn.pixabay.com/photo/2022/04/09/18/06/cape-marguerite-7121992__340.jpg,"(' Flower', ' Plant', 'Cape Marguerite')",39,15,images/img0000005.jpg,img0000005
https://cdn.pixabay.com/photo/2021/11/13/23/06/tree-6792528__340.jpg,"('Relaxing Rest Under The Tree',)",522,108,images/img0000006.jpg,img0000006
https://cdn.pixabay.com/photo/2022/04/07/02/56/cottontail-rabbit-7116707__340.jpg,"('Cottontail Rabbit', ' Wild Rabbit', ' Grass')",51,10,images/img0000007.jpg,img0000007
https://cdn.pixabay.com/photo/2022/03/19/21/11/crocus-7079550__340.jpg,"(' Plant', ' Spring', ' Flowers', 'Crocus')",135,44,images/img0000008.jpg,img0000008
https://cdn.pixabay.com/photo/2022/04/09/17/30/coffee-7121939__340.jpg,"(' Café', 'Coffee', ' Table', ' Drink', ' Vacation')",26,5,images/img0000009.jpg,img0000009
https://cdn.pixabay.com/photo/2022/03/25/19/24/waterfall-7091641__340.jpg,"(' Light', 'Waterfall', ' Fall', ' Nature', ' Epic')",96,21,images/img0000010.jpg,img0000010
https://cdn.pixabay.com/photo/2021/08/25/20/42/field-6574455__340.jpg,"(' Nature', 'Field', ' Morning', ' Dawn', ' Sunrise')",807,131,images/img0000011.jpg,img0000011
https://cdn.pixabay.com/photo/2022/04/04/18/03/bird-7111988__340.jpg,"(' Animal', ' Robin', 'Bird', ' Birdwatching')",69,19,images/img0000012.jpg,img0000012
https://cdn.pixabay.com/photo/2022/04/04/07/58/seedlings-7110591__340.jpg,"('Seedlings', ' Soil', ' Bloom', ' Spring Flowers')",42,9,images/img0000013.jpg,img0000013
https://cdn.pixabay.com/photo/2022/03/23/21/27/road-7087957__340.jpg,"(' Countryside', ' Highway', 'Road', ' Hills')",53,14,images/img0000014.jpg,img0000014
https://cdn.pixabay.com/photo/2022/03/27/15/03/cityscape-7095358__340.jpg,"(' Bridge', 'Cityscape', ' Monochrome', ' City')",45,13,images/img0000015.jpg,img0000015
https://cdn.pixabay.com/photo/2022/03/25/17/54/sakura-7091532__340.jpg,"('Sakura', ' Spring', ' Cherry Blossoms', ' Water')",70,12,images/img0000016.jpg,img0000016
https://cdn.pixabay.com/photo/2022/04/01/19/03/background-7105471__480.jpg,"(' Easter', ' Eggs', ' Template', 'Background', ' Art')",5,2,images/img0000017.jpg,img0000017
https://cdn.pixabay.com/photo/2022/01/31/12/46/bird-6983434__340.jpg,"(' Species', ' Ornithology', ' Indian Chat', 'Bird')",171,53,images/img0000018.jpg,img0000018
https://cdn.pixabay.com/photo/2022/01/18/16/49/town-6947538__340.jpg,"(' Season', ' Winter', ' Night', ' Village', 'Town')",109,15,images/img0000019.jpg,img0000019
https://cdn.pixabay.com/photo/2022/04/09/17/42/flower-7121955__340.jpg,"(' Pansy', ' Blossom', ' Bloom', 'Flower', ' Viola')",55,36,images/img0000020.jpg,img0000020
https://cdn.pixabay.com/photo/2021/08/30/21/29/port-6587129__340.jpg,"(' Vacations', ' Architecture', 'Port', ' Lake')",276,49,images/img0000021.jpg,img0000021
https://cdn.pixabay.com/photo/2022/03/16/02/03/sunflowers-7071449__340.jpg,"(' Plant', 'Sunflowers', ' Flowers')",54,21,images/img0000022.jpg,img0000022
https://cdn.pixabay.com/photo/2022/03/28/18/41/coffee-7098126__340.jpg,"(' Spring', ' Flowers', 'Coffee', ' Morning')",40,10,images/img0000023.jpg,img0000023
https://cdn.pixabay.com/photo/2022/02/12/06/21/roys-peak-7008528__340.jpg,"(' Wanaka', 'Roys Peak', ' Lake', ' Mountains')",69,19,images/img0000024.jpg,img0000024
https://cdn.pixabay.com/photo/2021/11/21/21/14/mountain-6815304__340.jpg,"('Thank you', ' everyone. Thank you for many downloads and likes.')",197,0,images/img0000025.jpg,img0000025
https://cdn.pixabay.com/photo/2021/08/22/15/48/nature-6565499__340.jpg,"('Nature', ' Exploration', ' Beach', ' Outdoors')",272,150,images/img0000026.jpg,img0000026
https://cdn.pixabay.com/photo/2022/03/03/11/18/nature-7045125__340.jpg,"('The Danish West Coast of Jutland. Shot during sunset.',)",48,11,images/img0000027.jpg,img0000027
https://cdn.pixabay.com/photo/2022/03/16/21/01/gentoo-penguin-7073391__340.jpg,"('Gentoo Penguin', ' Penguin', ' Bird', ' Animal')",93,22,images/img0000028.jpg,img0000028
https://cdn.pixabay.com/photo/2021/11/26/20/45/lantern-6826698__340.jpg,"(' Heaven', 'Lantern', ' Beach', ' Water', ' Tree', ' Sea')",243,31,images/img0000029.jpg,img0000029
https://cdn.pixabay.com/photo/2022/04/03/05/03/easter-7108066__340.jpg,"('Easter', ' Spring', ' Easter Bunny')",17,10,images/img0000030.jpg,img0000030
https://cdn.pixabay.com/photo/2018/01/14/23/12/nature-3082832__340.jpg,"('green trees on brown rock formation on lake during daytime',)",3098,495,images/img0000031.jpg,img0000031
https://cdn.pixabay.com/photo/2022/02/27/19/46/tourist-attraction-7037967__340.jpg,"(' Travel', 'Tourist Attraction', ' Eiffel Tower')",83,21,images/img0000032.jpg,img0000032
https://cdn.pixabay.com/photo/2022/04/07/22/23/menhir-7118382__480.jpg,"(' Standing Stones', 'Menhir', ' Stones', ' Clouds')",64,49,images/img0000033.jpg,img0000033
https://cdn.pixabay.com/photo/2022/01/13/18/05/road-6935773__340.jpg,"(' Trees', ' Snow', ' Winter', ' Path', ' Frost', 'Road')",133,24,images/img0000034.jpg,img0000034
https://cdn.pixabay.com/photo/2022/04/10/07/03/bird-7122753__340.jpg,"(' Woodpecker', 'Bird')",28,20,images/img0000035.jpg,img0000035
https://cdn.pixabay.com/photo/2021/11/25/19/50/tape-6824489__340.jpg,"(' Classic', ' Cassette', ' Retro', 'Tape', ' Music')",134,20,images/img0000036.jpg,img0000036
https://cdn.pixabay.com/photo/2022/01/10/15/29/wind-mills-6928590__340.jpg,"(' Power', 'Wind Mills', ' Energy', ' Clouds')",144,101,images/img0000037.jpg,img0000037
https://cdn.pixabay.com/photo/2022/02/15/07/27/travel-7014427__340.jpg,"(' Piran', 'Travel', ' Tourism', ' Square', ' Tartini')",70,19,images/img0000038.jpg,img0000038
https://cdn.pixabay.com/photo/2022/04/11/04/33/easter-eggs-7124718__340.jpg,"(' Nest', 'Easter Eggs', ' Eggs', ' Colored Eggs')",29,0,images/img0000039.jpg,img0000039
https://cdn.pixabay.com/photo/2022/02/07/22/27/winter-7000429__340.jpg,"(' Outdoors', ' Season', ' Nature', 'Winter', ' Travel')",111,24,images/img0000040.jpg,img0000040
https://cdn.pixabay.com/photo/2022/04/11/09/40/glacier-7125386__340.jpg,"('Glacier', ' Dying Glaciers', ' Melting Glacier')",36,27,images/img0000041.jpg,img0000041
https://cdn.pixabay.com/photo/2021/11/01/21/31/forest-6761846__340.jpg,"(' Green', ' Jungle', ' Nature', ' Tropical', 'Forest')",135,22,images/img0000042.jpg,img0000042
https://cdn.pixabay.com/photo/2022/02/05/08/13/tulip-6994245__340.jpg,"(' Petals', ' Flower', ' Blossom', ' Bloom', 'Tulip')",92,35,images/img0000043.jpg,img0000043
https://cdn.pixabay.com/photo/2022/04/07/13/06/flowers-7117461__340.jpg,"(' Petals', 'Flowers', ' Pink Flowers')",62,0,images/img0000044.jpg,img0000044
https://cdn.pixabay.com/photo/2022/02/22/03/22/passiflora-7027917__340.jpg,"(' Passion Flower', 'Passiflora', ' Flower')",97,66,images/img0000045.jpg,img0000045
https://cdn.pixabay.com/photo/2021/11/02/21/57/prayer-6764197__340.jpg,"(' Hope', ' Faith', ' Blessing', 'Prayer', ' Religion')",175,57,images/img0000046.jpg,img0000046
https://cdn.pixabay.com/photo/2022/04/09/10/13/galaxy-7121195__340.jpg,"(' Universe', 'Galaxy', ' Space', ' Cosmos', ' Star')",45,40,images/img0000047.jpg,img0000047
https://cdn.pixabay.com/photo/2022/03/31/09/25/dragonfly-7102558__480.jpg,"(' Insect', 'Dragonfly', ' Macro', ' Nature')",19,3,images/img0000048.jpg,img0000048
https://cdn.pixabay.com/photo/2022/01/10/18/09/budapest-6928973__340.jpg,"(' Architecture', ' Hungary', 'Budapest', ' Church')",107,21,images/img0000049.jpg,img0000049
https://cdn.pixabay.com/photo/2022/03/16/11/27/trees-7072255__340.jpg,"(' Forest', 'Trees', ' Leaves', ' Magic', ' Foliage')",66,18,images/img0000050.jpg,img0000050
https://cdn.pixabay.com/photo/2021/12/11/07/59/hotel-6862159__340.jpg,"('Das war bei meinem Aufenthalt in der Reha Klinik Klausenbach. Die liegt in Nordrach genauer in der Kolonie! Es wunderbarer Ort. Wie gemacht für die Erholung! Es gibt einen tollen Film mit Heike Makatsch als Dr. Hope Bridges Adams Lehmann als erste Ärztin 1880!',)",94,14,images/img0000051.jpg,img0000051
https://cdn.pixabay.com/photo/2021/12/22/16/50/landscape-6887936__340.jpg,"(' which is very useful for constructions and crafts. In the future', 'This is a tree plantation near the summit of Mt. Hiei (848m). The site is owned and managed by Enryaku-ji temple. The trees are Hinoki cypress', ' the woods are used for reconstruction of old temple buildings.')",160,45,images/img0000052.jpg,img0000052
https://cdn.pixabay.com/photo/2022/04/07/13/08/flowers-7117464__340.jpg,"(' Growth', 'Flowers', ' Blossom', ' Nature', ' Bloom')",63,0,images/img0000053.jpg,img0000053
https://cdn.pixabay.com/photo/2022/02/04/10/31/cow-6992475__340.jpg,"('My baby (or babies) are due any day! ☺️',)",155,142,images/img0000054.jpg,img0000054
https://cdn.pixabay.com/photo/2022/01/02/19/43/port-6910972__340.jpg,"(' Boat', ' Ship', ' Sweden', 'Port', ' Sea')",89,22,images/img0000055.jpg,img0000055
https://cdn.pixabay.com/photo/2022/04/08/21/42/heron-7120365__340.jpg,"(' 2021 - the Pixabay license FORBIDS selling images as is on stock sites or elsewhere. Here is a link to the licence: https://pixabay.com/service/license/', 'Photographed on February 29')",34,51,images/img0000056.jpg,img0000056
https://cdn.pixabay.com/photo/2021/11/01/13/58/leaf-6760484__340.jpg,"(' Season', ' Fall', ' Nature', ' Autumn', ' Leaf', 'Leaf')",171,53,images/img0000057.jpg,img0000057
https://cdn.pixabay.com/photo/2021/08/27/18/50/water-6579313__340.jpg,"(' Trolltunga', 'Water', ' Ringedalsvannet')",202,45,images/img0000058.jpg,img0000058
https://cdn.pixabay.com/photo/2021/12/01/18/17/cat-6838844__340.jpg,"(' Pet', ' European Shorthair', ' Feline', 'Cat')",156,49,images/img0000059.jpg,img0000059
https://cdn.pixabay.com/photo/2022/01/26/20/43/baboon-6969935__340.jpg,"(' Gesture', 'Baboon', ' Wildlife', ' Animal')",140,41,images/img0000060.jpg,img0000060
https://cdn.pixabay.com/photo/2022/04/10/19/28/savoy-7124124__340.jpg,"(' Cabbage', ' Carrots', 'Savoy', ' Vegetables')",28,20,images/img0000061.jpg,img0000061
https://cdn.pixabay.com/photo/2022/03/16/04/08/koi-fish-7071556__480.jpg,"(' Koi', ' Fish', 'Koi Fish', ' Pond', ' Water')",54,64,images/img0000062.jpg,img0000062
https://cdn.pixabay.com/photo/2021/07/09/02/29/family-6398107__340.jpg,"(' People', ' Family', 'Family', ' Beach', ' Ocean')",219,57,images/img0000063.jpg,img0000063
https://cdn.pixabay.com/photo/2022/02/26/21/47/elephant-7036431__340.jpg,"(' Animals', ' Baby Elephant', 'Elephant')",104,35,images/img0000064.jpg,img0000064
https://cdn.pixabay.com/photo/2022/04/10/19/28/savoy-7124124__340.jpg,"(' Cabbage', ' Carrots', 'Savoy', ' Vegetables')",24,16,images/img0000065.jpg,img0000065
https://cdn.pixabay.com/photo/2022/04/10/10/08/ranunculus-7123057__340.jpg,"('Add a description (optional)',)",25,15,images/img0000066.jpg,img0000066
https://cdn.pixabay.com/photo/2022/04/08/17/33/great-cormorant-7119976__340.jpg,"(' Bird', 'Great Cormorant')",36,24,images/img0000067.jpg,img0000067
https://cdn.pixabay.com/photo/2022/04/10/19/07/flower-7124081__340.jpg,"(' Plant', ' Petals', ' Daffodil', 'Flower')",21,14,images/img0000068.jpg,img0000068
https://cdn.pixabay.com/photo/2022/01/28/18/46/sea-6975501__340.jpg,"(' Sky', 'Sea', ' Overcast', ' Storm', ' Clouds', ' Waves')",102,38,images/img0000069.jpg,img0000069
https://cdn.pixabay.com/photo/2017/02/08/17/24/fantasy-2049567__340.jpg,"(' Mushrooms', 'Fantasy', ' Butterflies', ' Forest')",3322,536,images/img0000070.jpg,img0000070
https://cdn.pixabay.com/photo/2022/03/15/15/19/child-7070570__340.jpg,"(' Flowers', ' Meadow', 'Child', ' Cute', ' Boy', ' Kid')",43,2,images/img0000071.jpg,img0000071
https://cdn.pixabay.com/photo/2022/04/06/12/18/grass-7115462__340.jpg,"(' Ear', ' Plants', ' Barley', ' Oats', 'Grass')",46,44,images/img0000072.jpg,img0000072
https://cdn.pixabay.com/photo/2021/10/14/13/50/book-6709160__340.jpg,"(' Literature', ' Library', ' Reading', 'Book')",130,57,images/img0000073.jpg,img0000073
https://cdn.pixabay.com/photo/2022/04/06/13/59/wood-anemones-7115637__340.jpg,"(' Anemone', ' Buttercups', 'Wood Anemones')",46,39,images/img0000074.jpg,img0000074
https://cdn.pixabay.com/photo/2017/12/15/13/51/polynesia-3021072__340.jpg,"('white and red boat on beach during daytime',)",2610,499,images/img0000075.jpg,img0000075
https://cdn.pixabay.com/photo/2022/04/03/09/30/flower-7108476__340.jpg,"(' Insect', ' Pollination', ' Bloom', ' Bee', 'Flower')",50,68,images/img0000076.jpg,img0000076
https://cdn.pixabay.com/photo/2022/04/11/18/14/letter-box-7126374__480.jpg,"(' Post Office', 'Letter Box', ' Email Delivery')",17,12,images/img0000077.jpg,img0000077
https://cdn.pixabay.com/photo/2022/01/17/23/10/sunset-6945937__340.jpg,"('Calm Lake At Sunset',)",59,18,images/img0000078.jpg,img0000078
https://cdn.pixabay.com/photo/2022/04/04/22/33/sunflowers-7112463__340.jpg,"('', 'Illustration', ' sunflowers farming')",72,77,images/img0000079.jpg,img0000079
https://cdn.pixabay.com/photo/2022/02/19/21/46/beach-7023446__340.jpg,"('Beach', ' Winter', ' North Sea', ' Sand', ' Sea')",30,6,images/img0000080.jpg,img0000080
https://cdn.pixabay.com/photo/2022/01/13/16/37/trees-6935614__340.jpg,"(' Outdoors', ' Season', ' Winter', ' Nature', 'Trees')",90,18,images/img0000081.jpg,img0000081
https://cdn.pixabay.com/photo/2022/03/02/14/25/flower-7043267__340.jpg,"(' Rose', ' Blossom', ' Botany', ' Bloom', 'Flower')",107,91,images/img0000082.jpg,img0000082
https://cdn.pixabay.com/photo/2021/12/27/11/55/winter-6897046__340.jpg,"(' Nature', ' Frost', 'Winter', ' Texture', ' Macro')",113,32,images/img0000083.jpg,img0000083
https://cdn.pixabay.com/photo/2021/12/28/14/30/bird-6899457__340.jpg,"(' Species', ' Ornithology', ' Blackbird', 'Bird')",109,27,images/img0000084.jpg,img0000084
https://cdn.pixabay.com/photo/2022/04/10/14/27/trees-7123499__340.jpg,"(' Nature', 'Trees', ' Clouds', ' Landscape', ' Rural')",14,8,images/img0000085.jpg,img0000085
https://cdn.pixabay.com/photo/2022/01/16/20/38/coffee-6943139__340.jpg,"(' Eraser', ' Pencils', ' Office', 'Coffee')",69,9,images/img0000086.jpg,img0000086
https://cdn.pixabay.com/photo/2021/07/18/04/00/lotus-6474572__340.jpg,"(' Flower', ' Lotus Flower', ' Pink Flower', 'Lotus')",279,45,images/img0000087.jpg,img0000087
https://cdn.pixabay.com/photo/2022/04/01/15/31/bus-7105041__340.jpg,"('Es sind noch Plätze frei…',)",43,34,images/img0000088.jpg,img0000088
https://cdn.pixabay.com/photo/2022/01/21/19/21/crocus-6955548__340.jpg,"(' Flowers', ' Plants', ' Purple Crocus', 'Crocus')",77,16,images/img0000089.jpg,img0000089
https://cdn.pixabay.com/photo/2022/04/11/09/18/birds-7125333__340.jpg,"(' 2022', 'Taken in March 21')",16,7,images/img0000090.jpg,img0000090
https://cdn.pixabay.com/photo/2021/12/12/22/48/mountain-6867146__340.jpg,"(' Forest', ' Summit', ' Winter', 'Mountain', ' Clouds')",82,8,images/img0000091.jpg,img0000091
https://cdn.pixabay.com/photo/2022/04/10/07/33/ice-cream-cone-7122797__340.jpg,"(' Ice Squirrel', 'Ice Cream Cone', ' Flower')",16,11,images/img0000092.jpg,img0000092
https://cdn.pixabay.com/photo/2022/04/09/09/29/flower-7121113__480.jpg,"(' Magnolia', 'Flower', ' Spring Flowers', ' Tree')",8,2,images/img0000093.jpg,img0000093
https://cdn.pixabay.com/photo/2022/04/06/09/46/flowers-7115215__340.jpg,"('Flowers', ' Bouquet', ' Garden')",47,26,images/img0000094.jpg,img0000094
https://cdn.pixabay.com/photo/2022/03/04/09/02/winter-7046891__340.jpg,"('Help Ukraine! Stop the war!',)",56,15,images/img0000095.jpg,img0000095
https://cdn.pixabay.com/photo/2022/04/03/08/33/jay-7108357__340.jpg,"(' Bird', ' Snow', ' Animal', 'Jay', ' Winter')",62,48,images/img0000096.jpg,img0000096
https://cdn.pixabay.com/photo/2022/04/09/07/14/dungeon-7120925__340.jpg,"(' the former Augustinian (Les Augustins', ' in French) convent in Toulouse (France) has become a museum.', 'Built in 1300-1400')",17,11,images/img0000097.jpg,img0000097
https://cdn.pixabay.com/photo/2022/04/11/09/16/birds-7125327__340.jpg,"(' Waterfowl', ' Egyptian Goslings', 'Birds')",15,8,images/img0000098.jpg,img0000098
https://cdn.pixabay.com/photo/2022/04/06/08/16/peach-blossom-7115083__340.jpg,"('Peach Blossom', ' Flowers', ' Branch', ' Tree')",41,58,images/img0000099.jpg,img0000099
https://cdn.pixabay.com/photo/2021/12/01/15/32/happy-new-year-6838276__340.jpg,"(' 2022', ' Regards', ' New Year', 'Happy New Year')",45,10,images/img0000100.jpg,img0000100
https://cdn.pixabay.com/photo/2022/04/03/17/48/flowers-7109567__340.jpg,"(' Botany', 'Flowers', ' Quince')",55,47,images/img0000101.jpg,img0000101
https://cdn.pixabay.com/photo/2016/11/29/05/45/astronomy-1867616__340.jpg,"(' Constellation', ' Bright', 'Astronomy', ' Dark')",2989,484,images/img0000102.jpg,img0000102
https://cdn.pixabay.com/photo/2022/02/14/10/35/flowers-7012876__340.jpg,"('Flowers', ' Blossom', ' Nature', ' Botany', ' Bloom')",43,13,images/img0000103.jpg,img0000103
https://cdn.pixabay.com/photo/2021/08/23/08/28/path-6567149__340.jpg,"(' Road', ' Nature', ' Countryside', 'Path', ' Rural')",178,36,images/img0000104.jpg,img0000104
https://cdn.pixabay.com/photo/2022/02/14/06/54/bird-7012586__340.jpg,"(' Spiny Ibis', ' Ornithology', ' Ibis', 'Bird')",141,102,images/img0000105.jpg,img0000105
https://cdn.pixabay.com/photo/2021/08/27/10/16/baby-6578335__340.jpg,"('Baby', ' Girl', ' Portrait', ' Daughter', ' Child')",179,54,images/img0000106.jpg,img0000106
https://cdn.pixabay.com/photo/2021/12/20/15/01/christmas-tree-6883263__340.jpg,"(' Ornaments', ' Christmas', 'Christmas Tree')",147,99,images/img0000107.jpg,img0000107
https://cdn.pixabay.com/photo/2021/09/30/18/10/sunrise-6670717__340.jpg,"(' Fog', ' Swabian Jura', 'Sunrise', ' Mountains')",140,27,images/img0000108.jpg,img0000108
https://cdn.pixabay.com/photo/2022/04/05/22/54/giant-lily-7114496__480.jpg,"('Dorianthes Palmeri. 3 meters high. Makes her first flower at 40 years. Blooms only once in her life and dies... ***************************** Dorianthes Palmeri. 3 Meter hoch. Macht ihre erste Blume nach 40 Jahren. Blüht nur einmal in ihrem Leben und stirbt…',)",47,32,images/img0000109.jpg,img0000109
https://cdn.pixabay.com/photo/2022/04/06/22/27/postcard-7116453__340.jpg,"(' Greeting Card', ' Birds', ' Peacocks', 'Postcard')",31,36,images/img0000110.jpg,img0000110
https://cdn.pixabay.com/photo/2022/01/25/04/42/bird-6965228__340.jpg,"(' Species', ' Ornithology', ' Great Egret', 'Bird')",89,47,images/img0000111.jpg,img0000111
https://cdn.pixabay.com/photo/2022/01/10/16/30/flowers-6928749__340.jpg,"('Flowers', ' Cliff', ' Grass', ' Beach', ' Coast', ' Sea')",79,12,images/img0000112.jpg,img0000112
https://cdn.pixabay.com/photo/2021/12/18/17/11/flower-6879399__340.jpg,"(' Dandelion', ' Wildflower', ' Seeds', 'Flower')",88,14,images/img0000113.jpg,img0000113
https://cdn.pixabay.com/photo/2021/12/14/20/21/book-6871220__340.jpg,"(' Shades', 'Book', ' Page', ' Man', ' Stop', ' Paper')",80,49,images/img0000114.jpg,img0000114
https://cdn.pixabay.com/photo/2021/08/23/07/38/castle-6566978__340.jpg,"('Castle', ' Building', ' Park', ' Monument')",159,27,images/img0000115.jpg,img0000115
https://cdn.pixabay.com/photo/2022/04/05/15/11/birds-7113827__340.jpg,"(' Greylag Goose', ' Ornithology', 'Birds')",41,28,images/img0000116.jpg,img0000116
https://cdn.pixabay.com/photo/2022/04/08/19/05/hyacinth-7120098__340.jpg,"('Hyacinth', ' Spring', ' Flowers', ' Nature')",15,9,images/img0000117.jpg,img0000117
https://cdn.pixabay.com/photo/2022/04/05/00/25/bokeh-7112555__340.jpg,"(' Light', ' Background', 'Bokeh', ' Pattern', ' Art')",27,27,images/img0000118.jpg,img0000118
https://cdn.pixabay.com/photo/2022/04/02/10/53/easter-7106722__340.jpg,"('Easter', ' Easter Decoration', ' Easter Bunny')",55,87,images/img0000119.jpg,img0000119
https://cdn.pixabay.com/photo/2021/11/26/17/26/desert-6826299__340.jpg,"('Desert', ' Dunes', ' Native', ' Dubai', ' Sand')",48,14,images/img0000120.jpg,img0000120
https://cdn.pixabay.com/photo/2022/04/03/09/04/pforphoto-7108433__340.jpg,"('The Piano…',)",35,25,images/img0000121.jpg,img0000121
https://cdn.pixabay.com/photo/2020/04/25/12/14/tech-5090539__340.jpg,"('Tech', ' Abstract', ' Circle', ' Technology')",404,109,images/img0000122.jpg,img0000122
https://cdn.pixabay.com/photo/2022/04/06/09/46/flowers-7115217__340.jpg,"(' Hyacinth', 'Flowers', ' Garden')",40,28,images/img0000123.jpg,img0000123
https://cdn.pixabay.com/photo/2022/03/28/05/17/cherry-blossoms-7096607__340.jpg,"(' Pink Flowers', 'Cherry Blossoms', ' Sakura')",61,24,images/img0000124.jpg,img0000124
https://cdn.pixabay.com/photo/2022/04/08/12/12/coffee-7119373__480.jpg,"(' Template', ' Dirty', 'Coffee', ' Coffee Stain')",26,19,images/img0000125.jpg,img0000125
https://cdn.pixabay.com/photo/2022/02/02/13/50/happy-easter-6988491__340.jpg,"(' Decoration', ' Spring', 'Happy Easter', ' Theme')",29,10,images/img0000126.jpg,img0000126
https://cdn.pixabay.com/photo/2021/12/12/01/15/lotus-6863937__340.jpg,"(' Lily Pads', ' Flowers', ' Pond', 'Lotus')",101,23,images/img0000127.jpg,img0000127
https://cdn.pixabay.com/photo/2022/01/21/07/21/ring-tailed-lemur-6954076__340.jpg,"(' Lemur', ' Group', ' Cub', 'Ring Tailed Lemur')",160,115,images/img0000128.jpg,img0000128
https://cdn.pixabay.com/photo/2022/04/07/04/03/bird-7116757__340.jpg,"(' o estornino común', 'El estornino pinto', ' (Sturnus vulgaris)\u200b es una especie de ave passeriforme de la familia Sturnidae nativa del Paleártico. En Argentina fue introducido hace unos años y hoy se reproduce abundantemente en el sudeste de la Provincia de Buenos Aires.')",23,19,images/img0000129.jpg,img0000129
https://cdn.pixabay.com/photo/2021/10/11/09/04/nature-6699893__340.jpg,"('Nature', ' Evergreen', ' Spruce', ' Branches')",99,21,images/img0000130.jpg,img0000130
https://cdn.pixabay.com/photo/2022/04/08/07/22/tablets-7118912__340.jpg,"(' Powder', 'Tablets', ' Drugs')",22,16,images/img0000131.jpg,img0000131
https://cdn.pixabay.com/photo/2022/01/17/08/27/white-flowers-6944139__340.jpg,"('White Flowers', ' Flowers', ' Nature')",49,11,images/img0000132.jpg,img0000132
https://cdn.pixabay.com/photo/2021/09/14/14/46/cologne-6624212__340.jpg,"(' Cathedral', ' River', ' Night', 'Cologne', ' Bridge')",98,27,images/img0000133.jpg,img0000133
https://cdn.pixabay.com/photo/2015/12/01/20/28/road-1072823__340.jpg,"(' Season', ' Forest', ' Fall', 'Road', ' Autumn')",5214,1126,images/img0000134.jpg,img0000134
https://cdn.pixabay.com/photo/2022/04/08/06/13/bird-7118767__340.jpg,"(' Ornithology', ' Geese', ' Species', ' Fauna', 'Bird')",23,15,images/img0000135.jpg,img0000135
https://cdn.pixabay.com/photo/2022/04/04/15/16/flowers-7111580__340.jpg,"('Foto von Ende März 2022',)",27,20,images/img0000136.jpg,img0000136
https://cdn.pixabay.com/photo/2021/10/10/20/33/mehtab-bagh-6698669__340.jpg,"(' India', 'Mehtab Bagh', ' Temple', ' Taj Mahal')",73,15,images/img0000137.jpg,img0000137
https://cdn.pixabay.com/photo/2022/04/09/05/35/tulips-7120798__340.jpg,"('Tulips', ' Flora', ' Plant', ' Flower')",10,4,images/img0000138.jpg,img0000138
https://cdn.pixabay.com/photo/2022/04/04/06/59/canada-goose-7110494__340.jpg,"('Canada Goose', ' Water Bird', ' Swim', ' Goose')",57,0,images/img0000139.jpg,img0000139
https://cdn.pixabay.com/photo/2022/03/02/19/27/earth-7043847__340.jpg,"('Earth', ' Mankind', ' Planet', ' Homeland')",36,8,images/img0000140.jpg,img0000140
https://cdn.pixabay.com/photo/2022/04/07/04/04/starling-7116759__480.jpg,"(' o estornino común', 'El estornino pinto', ' (Sturnus vulgaris)\u200b es una especie de ave passeriforme de la familia Sturnidae nativa del Paleártico. En Argentina fue introducido hace unos años y hoy se reproduce abundantemente en el sudeste de la Provincia de Buenos Aires.')",22,17,images/img0000141.jpg,img0000141
https://cdn.pixabay.com/photo/2022/03/28/20/47/house-7098314__340.jpg,"('Composition', ' lake view')",81,81,images/img0000142.jpg,img0000142
https://cdn.pixabay.com/photo/2022/04/08/17/33/bird-7119983__340.jpg,"(' Songbird', ' Animal', ' Blackbird', ' Fauna', 'Bird')",18,11,images/img0000143.jpg,img0000143
https://cdn.pixabay.com/photo/2022/04/10/10/04/bird-7123044__340.jpg,"(' parks', ' and riverbanks.', ' it is a winter bird', ' wintering in regions without snow cover and inhabiting flat to low mountain farmlands', 'Durian Redstart. In Japan', ' residential areas')",10,6,images/img0000144.jpg,img0000144
https://cdn.pixabay.com/photo/2021/11/09/07/29/newborn-6780840__340.jpg,"('Newborn', ' Sleeping', ' Costume', ' Baby')",91,21,images/img0000145.jpg,img0000145
https://cdn.pixabay.com/photo/2022/04/02/20/46/cat-7107728__340.jpg,"(' Backyard', ' Outdoors', ' Grass', ' Kitten', 'Cat')",54,36,images/img0000146.jpg,img0000146
