link,tags,likes,comments
https://cdn.pixabay.com/photo/2022/03/06/05/30/clouds-7050884__480.jpg, Sky  Atmosphere Clouds  Blue Sky,196,55 
https://cdn.pixabay.com/photo/2022/04/07/11/45/bird-7117346__340.jpg, Hummingbird Bird  Ornithology,76,20 
https://cdn.pixabay.com/photo/2022/02/28/15/28/sea-7039471__340.jpg,Sea  Rainbow  Subtropical  Rainfall,282,106 
https://cdn.pixabay.com/photo/2022/04/04/02/52/cherry-blossoms-7110279__340.jpg, Road Cherry Blossoms  Japan  Sakura,42,11 
https://cdn.pixabay.com/photo/2022/04/09/18/06/cape-marguerite-7121992__340.jpg, Plant Cape Marguerite  Flower,39,15 
https://cdn.pixabay.com/photo/2021/11/13/23/06/tree-6792528__340.jpg,Relaxing Rest Under The Tree,522,108 
https://cdn.pixabay.com/photo/2022/04/07/02/56/cottontail-rabbit-7116707__340.jpg, Grass Cottontail Rabbit  Wild Rabbit,51,10 
https://cdn.pixabay.com/photo/2022/03/19/21/11/crocus-7079550__340.jpg, Plant Crocus  Spring  Flowers,135,44 
https://cdn.pixabay.com/photo/2022/04/09/17/30/coffee-7121939__340.jpg, Vacation  Drink Coffee  Table  Café,26,5 
https://cdn.pixabay.com/photo/2022/03/25/19/24/waterfall-7091641__340.jpg, Light  Nature  Fall Waterfall  Epic,96,21 
https://cdn.pixabay.com/photo/2021/08/25/20/42/field-6574455__340.jpg,Field  Nature  Dawn  Morning  Sunrise,807,131 
https://cdn.pixabay.com/photo/2022/04/04/18/03/bird-7111988__340.jpg, Animal  Birdwatching Bird  Robin,69,19 
https://cdn.pixabay.com/photo/2022/04/04/07/58/seedlings-7110591__340.jpg, Soil  Spring Flowers Seedlings  Bloom,42,9 
https://cdn.pixabay.com/photo/2022/03/23/21/27/road-7087957__340.jpg, Countryside  Hills Road  Highway,53,14 
https://cdn.pixabay.com/photo/2022/03/27/15/03/cityscape-7095358__340.jpg, Bridge Cityscape  Monochrome  City,45,13 
https://cdn.pixabay.com/photo/2022/03/25/17/54/sakura-7091532__340.jpg, Water Sakura  Spring  Cherry Blossoms,70,12 
https://cdn.pixabay.com/photo/2022/04/01/19/03/background-7105471__480.jpg,Background  Easter  Template  Art  Eggs,5,2 
https://cdn.pixabay.com/photo/2022/01/31/12/46/bird-6983434__340.jpg, Indian Chat Bird  Ornithology  Species,171,53 
https://cdn.pixabay.com/photo/2022/01/18/16/49/town-6947538__340.jpg,Town  Season  Night  Village  Winter,109,15 
https://cdn.pixabay.com/photo/2022/04/09/17/42/flower-7121955__340.jpg, Bloom  Viola Flower  Pansy  Blossom,55,36 
https://cdn.pixabay.com/photo/2021/08/30/21/29/port-6587129__340.jpg, Architecture  Vacations  Lake Port,276,49 
https://cdn.pixabay.com/photo/2022/03/16/02/03/sunflowers-7071449__340.jpg, Plant Sunflowers  Flowers,54,21 
https://cdn.pixabay.com/photo/2022/03/28/18/41/coffee-7098126__340.jpg, Morning Coffee  Spring  Flowers,40,10 
https://cdn.pixabay.com/photo/2022/02/12/06/21/roys-peak-7008528__340.jpg, Mountains  Wanaka  Lake Roys Peak,69,19 
https://cdn.pixabay.com/photo/2021/11/21/21/14/mountain-6815304__340.jpg,Thank you  everyone. Thank you for many downloads and likes.,197,0 
https://cdn.pixabay.com/photo/2021/08/22/15/48/nature-6565499__340.jpg,Nature  Outdoors  Exploration  Beach,272,150 
https://cdn.pixabay.com/photo/2022/03/03/11/18/nature-7045125__340.jpg,The Danish West Coast of Jutland. Shot during sunset.,48,11 
https://cdn.pixabay.com/photo/2022/03/16/21/01/gentoo-penguin-7073391__340.jpg,Gentoo Penguin  Animal  Penguin  Bird,93,22 
https://cdn.pixabay.com/photo/2021/11/26/20/45/lantern-6826698__340.jpg, Water  Heaven Lantern  Tree  Sea  Beach,243,31 
https://cdn.pixabay.com/photo/2022/04/03/05/03/easter-7108066__340.jpg, Easter Bunny Easter  Spring,17,10 
https://cdn.pixabay.com/photo/2018/01/14/23/12/nature-3082832__340.jpg,green trees on brown rock formation on lake during daytime,3098,495 
https://cdn.pixabay.com/photo/2022/02/27/19/46/tourist-attraction-7037967__340.jpg,Tourist Attraction  Travel  Eiffel Tower,83,21 
https://cdn.pixabay.com/photo/2022/04/07/22/23/menhir-7118382__480.jpg,Menhir  Standing Stones  Stones  Clouds,64,49 
https://cdn.pixabay.com/photo/2022/01/13/18/05/road-6935773__340.jpg, Snow  Trees Road  Frost  Path  Winter,133,24 
https://cdn.pixabay.com/photo/2022/04/10/07/03/bird-7122753__340.jpg, Woodpecker Bird,28,20 
https://cdn.pixabay.com/photo/2021/11/25/19/50/tape-6824489__340.jpg, Music Tape  Retro  Classic  Cassette,134,20 
https://cdn.pixabay.com/photo/2022/01/10/15/29/wind-mills-6928590__340.jpg,Wind Mills  Power  Energy  Clouds,144,101 
https://cdn.pixabay.com/photo/2022/02/15/07/27/travel-7014427__340.jpg,Travel  Square  Tourism  Piran  Tartini,70,19 
https://cdn.pixabay.com/photo/2022/04/11/04/33/easter-eggs-7124718__340.jpg, Nest Easter Eggs  Eggs  Colored Eggs,29,0 
https://cdn.pixabay.com/photo/2022/02/07/22/27/winter-7000429__340.jpg,Winter  Season  Travel  Nature  Outdoors,111,24 
https://cdn.pixabay.com/photo/2022/04/11/09/40/glacier-7125386__340.jpg,Glacier  Dying Glaciers  Melting Glacier,36,27 
https://cdn.pixabay.com/photo/2021/11/01/21/31/forest-6761846__340.jpg, Jungle  Tropical  Nature  Green Forest,135,22 
https://cdn.pixabay.com/photo/2022/02/05/08/13/tulip-6994245__340.jpg, Petals  Bloom Tulip  Blossom  Flower,92,35 
https://cdn.pixabay.com/photo/2022/04/07/13/06/flowers-7117461__340.jpg, Pink Flowers  Petals Flowers,62,0 
https://cdn.pixabay.com/photo/2022/02/22/03/22/passiflora-7027917__340.jpg, Passion Flower Passiflora  Flower,97,66 
https://cdn.pixabay.com/photo/2021/11/02/21/57/prayer-6764197__340.jpg, Faith Prayer  Religion  Blessing  Hope,175,57 
https://cdn.pixabay.com/photo/2022/04/09/10/13/galaxy-7121195__340.jpg, Cosmos  Universe Galaxy  Space  Star,45,40 
https://cdn.pixabay.com/photo/2022/03/31/09/25/dragonfly-7102558__480.jpg, Macro  Insect Dragonfly  Nature,19,3 
https://cdn.pixabay.com/photo/2022/01/10/18/09/budapest-6928973__340.jpg, Church  Hungary  Architecture Budapest,107,21 
https://cdn.pixabay.com/photo/2022/03/16/11/27/trees-7072255__340.jpg, Foliage  Magic  Forest  Leaves Trees,66,18 
https://cdn.pixabay.com/photo/2021/12/11/07/59/hotel-6862159__340.jpg,Das war bei meinem Aufenthalt in der Reha Klinik Klausenbach. Die liegt in Nordrach genauer in der Kolonie! Es wunderbarer Ort. Wie gemacht für die Erholung! Es gibt einen tollen Film mit Heike Makatsch als Dr. Hope Bridges Adams Lehmann als erste Ärztin 1880!,94,14 
https://cdn.pixabay.com/photo/2021/12/22/16/50/landscape-6887936__340.jpg, the woods are used for reconstruction of old temple buildings.  which is very useful for constructions and crafts. In the future This is a tree plantation near the summit of Mt. Hiei (848m). The site is owned and managed by Enryaku-ji temple. The trees are Hinoki cypress,160,45 
https://cdn.pixabay.com/photo/2022/04/07/13/08/flowers-7117464__340.jpg, Growth  Nature  Bloom  Blossom Flowers,63,0 
https://cdn.pixabay.com/photo/2022/02/04/10/31/cow-6992475__340.jpg,My baby (or babies) are due any day! ☺️,155,142 
https://cdn.pixabay.com/photo/2022/01/02/19/43/port-6910972__340.jpg, Boat Port  Sea  Ship  Sweden,89,22 
https://cdn.pixabay.com/photo/2022/04/08/21/42/heron-7120365__340.jpg,Photographed on February 29  2021 - the Pixabay license FORBIDS selling images as is on stock sites or elsewhere. Here is a link to the licence: https://pixabay.com/service/license/,34,51 
https://cdn.pixabay.com/photo/2021/11/01/13/58/leaf-6760484__340.jpg, Autumn  Season  Leaf  Nature Leaf  Fall,171,53 
https://cdn.pixabay.com/photo/2021/08/27/18/50/water-6579313__340.jpg,Water  Ringedalsvannet  Trolltunga,202,45 
https://cdn.pixabay.com/photo/2021/12/01/18/17/cat-6838844__340.jpg, Feline  European Shorthair Cat  Pet,156,49 
https://cdn.pixabay.com/photo/2022/01/26/20/43/baboon-6969935__340.jpg, Wildlife  Animal  Gesture Baboon,140,41 
https://cdn.pixabay.com/photo/2022/04/10/19/28/savoy-7124124__340.jpg, Carrots Savoy  Vegetables  Cabbage,28,20 
https://cdn.pixabay.com/photo/2022/03/16/04/08/koi-fish-7071556__480.jpg,Koi Fish  Water  Fish  Pond  Koi,54,64 
https://cdn.pixabay.com/photo/2021/07/09/02/29/family-6398107__340.jpg, People  Family Family  Ocean  Beach,219,57 
https://cdn.pixabay.com/photo/2022/02/26/21/47/elephant-7036431__340.jpg, Baby Elephant Elephant  Animals,104,35 
https://cdn.pixabay.com/photo/2022/04/10/19/28/savoy-7124124__340.jpg, Carrots Savoy  Vegetables  Cabbage,24,16 
https://cdn.pixabay.com/photo/2022/04/10/10/08/ranunculus-7123057__340.jpg,Add a description (optional),25,15 
https://cdn.pixabay.com/photo/2022/04/08/17/33/great-cormorant-7119976__340.jpg,Great Cormorant  Bird,36,24 
https://cdn.pixabay.com/photo/2022/04/10/19/07/flower-7124081__340.jpg,Flower  Plant  Daffodil  Petals,21,14 
https://cdn.pixabay.com/photo/2022/01/28/18/46/sea-6975501__340.jpg, Sky Sea  Storm  Overcast  Waves  Clouds,102,38 
https://cdn.pixabay.com/photo/2017/02/08/17/24/fantasy-2049567__340.jpg, Forest  Butterflies  Mushrooms Fantasy,3322,536 
https://cdn.pixabay.com/photo/2022/03/15/15/19/child-7070570__340.jpg, Boy  Cute  Meadow  Kid  Flowers Child,43,2 
https://cdn.pixabay.com/photo/2022/04/06/12/18/grass-7115462__340.jpg, Plants  Oats Grass  Barley  Ear,46,44 
https://cdn.pixabay.com/photo/2021/10/14/13/50/book-6709160__340.jpg, Library Book  Literature  Reading,130,57 
https://cdn.pixabay.com/photo/2022/04/06/13/59/wood-anemones-7115637__340.jpg,Wood Anemones  Buttercups  Anemone,46,39 
https://cdn.pixabay.com/photo/2017/12/15/13/51/polynesia-3021072__340.jpg,white and red boat on beach during daytime,2610,499 
https://cdn.pixabay.com/photo/2022/04/03/09/30/flower-7108476__340.jpg, Pollination  Insect  Bloom Flower  Bee,50,68 
https://cdn.pixabay.com/photo/2022/04/11/18/14/letter-box-7126374__480.jpg,Letter Box  Email Delivery  Post Office,17,12 
https://cdn.pixabay.com/photo/2022/01/17/23/10/sunset-6945937__340.jpg,Calm Lake At Sunset,59,18 
https://cdn.pixabay.com/photo/2022/04/04/22/33/sunflowers-7112463__340.jpg, Illustration  sunflowers farming,72,77 
https://cdn.pixabay.com/photo/2022/02/19/21/46/beach-7023446__340.jpg,Beach  Sand  Sea  North Sea  Winter,30,6 
https://cdn.pixabay.com/photo/2022/01/13/16/37/trees-6935614__340.jpg, Season  Nature  Outdoors Trees  Winter,90,18 
https://cdn.pixabay.com/photo/2022/03/02/14/25/flower-7043267__340.jpg, Botany  Bloom  Rose Flower  Blossom,107,91 
https://cdn.pixabay.com/photo/2021/12/27/11/55/winter-6897046__340.jpg,Winter  Texture  Nature  Macro  Frost,113,32 
https://cdn.pixabay.com/photo/2021/12/28/14/30/bird-6899457__340.jpg, Blackbird Bird  Ornithology  Species,109,27 
https://cdn.pixabay.com/photo/2022/04/10/14/27/trees-7123499__340.jpg, Nature  Rural Trees  Landscape  Clouds,14,8 
https://cdn.pixabay.com/photo/2022/01/16/20/38/coffee-6943139__340.jpg, Eraser Coffee  Office  Pencils,69,9 
https://cdn.pixabay.com/photo/2021/07/18/04/00/lotus-6474572__340.jpg, Lotus Flower  Pink Flower Lotus  Flower,279,45 
https://cdn.pixabay.com/photo/2022/04/01/15/31/bus-7105041__340.jpg,Es sind noch Plätze frei…,43,34 
https://cdn.pixabay.com/photo/2022/01/21/19/21/crocus-6955548__340.jpg, Purple Crocus  Plants Crocus  Flowers,77,16 
https://cdn.pixabay.com/photo/2022/04/11/09/18/birds-7125333__340.jpg, 2022 Taken in March 21,16,7 
https://cdn.pixabay.com/photo/2021/12/12/22/48/mountain-6867146__340.jpg, Forest Mountain  Summit  Winter  Clouds,82,8 
https://cdn.pixabay.com/photo/2022/04/10/07/33/ice-cream-cone-7122797__340.jpg, Ice Squirrel Ice Cream Cone  Flower,16,11 
https://cdn.pixabay.com/photo/2022/04/09/09/29/flower-7121113__480.jpg,Flower  Tree  Spring Flowers  Magnolia,8,2 
https://cdn.pixabay.com/photo/2022/04/06/09/46/flowers-7115215__340.jpg, Bouquet  Garden Flowers,47,26 
https://cdn.pixabay.com/photo/2022/03/04/09/02/winter-7046891__340.jpg,Help Ukraine! Stop the war!,56,15 
https://cdn.pixabay.com/photo/2022/04/03/08/33/jay-7108357__340.jpg, Snow  Animal  Bird Jay  Winter,62,48 
